1,seed,https://en.wikipedia.org/wiki/Time_zone
2,/wiki/Time_zone,https://en.wikipedia.org/wiki/List_of_time_zones_by_country
2,/wiki/Time_zone,https://en.wikipedia.org/wiki/Lists_of_time_zones
2,/wiki/Time_zone,https://en.wikipedia.org/wiki/Standard_time
2,/wiki/Time_zone,https://en.wikipedia.org/wiki/Commerce
2,/wiki/Time_zone,https://en.wikipedia.org/wiki/Social
2,/wiki/Time_zone,https://en.wikipedia.org/wiki/Country
2,/wiki/Time_zone,https://en.wikipedia.org/wiki/Communication
2,/wiki/Time_zone,https://en.wikipedia.org/wiki/Time
2,/wiki/Time_zone,https://en.wikipedia.org/wiki/Coordinated_Universal_Time
2,/wiki/Time_zone,https://en.wikipedia.org/wiki/Newfoundland_Time_Zone
2,/wiki/Time_zone,https://en.wikipedia.org/wiki/Indian_Standard_Time
2,/wiki/Time_zone,https://en.wikipedia.org/wiki/Daylight_saving_time
2,/wiki/Time_zone,https://en.wikipedia.org/wiki/Sundial
2,/wiki/Time_zone,https://en.wikipedia.org/wiki/Equation_of_time
2,/wiki/Time_zone,https://en.wikipedia.org/wiki/Orbital_eccentricity
2,/wiki/Time_zone,https://en.wikipedia.org/wiki/Axial_tilt
2,/wiki/Time_zone,https://en.wikipedia.org/wiki/Greenwich_Mean_Time
2,/wiki/Time_zone,https://en.wikipedia.org/wiki/Royal_Observatory|_Greenwich
2,/wiki/Time_zone,https://en.wikipedia.org/wiki/Longitude
2,/wiki/Time_zone,https://en.wikipedia.org/wiki/Bristol
2,/wiki/Time_zone,https://en.wikipedia.org/wiki/Greenwich
2,/wiki/Time_zone,https://en.wikipedia.org/wiki/London
2,/wiki/Time_zone,https://en.wikipedia.org/wiki/History_of_rail_transport_in_Great_Britain
2,/wiki/Time_zone,https://en.wikipedia.org/wiki/Marine_chronometer
2,/wiki/Time_zone,https://en.wikipedia.org/wiki/Great_Western_Railway
2,/wiki/Time_zone,https://en.wikipedia.org/wiki/Railway_time
2,/wiki/Time_zone,https://en.wikipedia.org/wiki/Time_in_New_Zealand
2,/wiki/Time_zone,https://en.wikipedia.org/wiki/Charles_F._Dowd
2,/wiki/Time_zone,https://en.wikipedia.org/wiki/Washington|_D.C.
2,/wiki/Time_zone,https://en.wikipedia.org/wiki/75th_meridian_west
2,/wiki/Time_zone,https://en.wikipedia.org/wiki/Appalachian_Mountains
2,/wiki/Time_zone,https://en.wikipedia.org/wiki/Detroit
2,/wiki/Time_zone,https://en.wikipedia.org/wiki/Buffalo|_New_York
2,/wiki/Time_zone,https://en.wikipedia.org/wiki/Pittsburgh
2,/wiki/Time_zone,https://en.wikipedia.org/wiki/Atlanta
2,/wiki/Time_zone,https://en.wikipedia.org/wiki/Charleston|_South_Carolina
2,/wiki/Time_zone,https://en.wikipedia.org/wiki/Local_mean_time
2,/wiki/Time_zone,https://en.wikipedia.org/wiki/Eastern_Time_Zone
2,/wiki/Time_zone,https://en.wikipedia.org/wiki/United_States_Congress
2,/wiki/Time_zone,https://en.wikipedia.org/wiki/Standard_Time_Act
2,/wiki/Time_zone,https://en.wikipedia.org/wiki/Quirico_Filopanti
2,/wiki/Time_zone,https://en.wikipedia.org/wiki/Sandford_Fleming
2,/wiki/Time_zone,https://en.wikipedia.org/wiki/180th_meridian
2,/wiki/Time_zone,https://en.wikipedia.org/wiki/International_Meridian_Conference
2,/wiki/Time_zone,https://en.wikipedia.org/wiki/Nepal
2,/wiki/Time_zone,https://en.wikipedia.org/wiki/Newfoundland_and_Labrador
2,/wiki/Time_zone,https://en.wikipedia.org/wiki/Marquesas_Islands
2,/wiki/Time_zone,https://en.wikipedia.org/wiki/Chatham_Islands
2,/wiki/Time_zone,https://en.wikipedia.org/wiki/ISO_8601
2,/wiki/Time_zone,https://en.wikipedia.org/wiki/International_Organization_for_Standardization
2,/wiki/Time_zone,https://en.wikipedia.org/wiki/UTC_offset
2,/wiki/Time_zone,https://en.wikipedia.org/wiki/Berlin
2,/wiki/Time_zone,https://en.wikipedia.org/wiki/Chicago
2,/wiki/Time_zone,https://en.wikipedia.org/wiki/List_of_time_zone_abbreviations
2,/wiki/Time_zone,https://en.wikipedia.org/wiki/List_of_UTC_time_offsets
2,/wiki/Time_zone,https://en.wikipedia.org/wiki/Time_in_Antarctica
2,/wiki/Time_zone,https://en.wikipedia.org/wiki/Time_in_Europe
2,/wiki/Time_zone,https://en.wikipedia.org/wiki/Time_in_the_United_States
2,/wiki/Time_zone,https://en.wikipedia.org/wiki/Time_in_Mexico
2,/wiki/Time_zone,https://en.wikipedia.org/wiki/Iceland
2,/wiki/Time_zone,https://en.wikipedia.org/wiki/Time_in_the_United_Kingdom
2,/wiki/Time_zone,https://en.wikipedia.org/wiki/Time_in_the_Republic_of_Ireland
2,/wiki/Time_zone,https://en.wikipedia.org/wiki/Time_in_Russia
2,/wiki/Time_zone,https://en.wikipedia.org/wiki/Kazakhstan
2,/wiki/Time_zone,https://en.wikipedia.org/wiki/Kiribati
2,/wiki/Time_zone,https://en.wikipedia.org/wiki/Myanmar
2,/wiki/Time_zone,https://en.wikipedia.org/wiki/Time_in_Canada
2,/wiki/Time_zone,https://en.wikipedia.org/wiki/Niger
2,/wiki/Time_zone,https://en.wikipedia.org/wiki/Nigeria
2,/wiki/Time_zone,https://en.wikipedia.org/wiki/Time_in_Germany
2,/wiki/Time_zone,https://en.wikipedia.org/wiki/Namibia
2,/wiki/Time_zone,https://en.wikipedia.org/wiki/Time_in_Indonesia
2,/wiki/Time_zone,https://en.wikipedia.org/wiki/Time_in_Mongolia
2,/wiki/Time_zone,https://en.wikipedia.org/wiki/Time_in_Chile
2,/wiki/Time_zone,https://en.wikipedia.org/wiki/Burundi
2,/wiki/Time_zone,https://en.wikipedia.org/wiki/Botswana
2,/wiki/Time_zone,https://en.wikipedia.org/wiki/Democratic_Republic_of_the_Congo
2,/wiki/Time_zone,https://en.wikipedia.org/wiki/Egypt
2,/wiki/Time_zone,https://en.wikipedia.org/wiki/Libya
2,/wiki/Time_zone,https://en.wikipedia.org/wiki/Malawi
2,/wiki/Time_zone,https://en.wikipedia.org/wiki/Mozambique
2,/wiki/Time_zone,https://en.wikipedia.org/wiki/Rwanda
2,/wiki/Time_zone,https://en.wikipedia.org/wiki/South_Africa
2,/wiki/Time_zone,https://en.wikipedia.org/wiki/Zambia
2,/wiki/Time_zone,https://en.wikipedia.org/wiki/Zimbabwe
2,/wiki/Time_zone,https://en.wikipedia.org/wiki/Finland
2,/wiki/Time_zone,https://en.wikipedia.org/wiki/Estonia
2,/wiki/Time_zone,https://en.wikipedia.org/wiki/Latvia
2,/wiki/Time_zone,https://en.wikipedia.org/wiki/Lithuania
2,/wiki/Time_zone,https://en.wikipedia.org/wiki/Ukraine
2,/wiki/Time_zone,https://en.wikipedia.org/wiki/Greece
2,/wiki/Time_zone,https://en.wikipedia.org/wiki/Romania
2,/wiki/Time_zone,https://en.wikipedia.org/wiki/Time_in_Australia
2,/wiki/Time_zone,https://en.wikipedia.org/wiki/Time_in_Argentina
2,/wiki/Time_zone,https://en.wikipedia.org/wiki/Time_in_Brazil
2,/wiki/Time_zone,https://en.wikipedia.org/wiki/Belarus
2,/wiki/Time_zone,https://en.wikipedia.org/wiki/Turkey
2,/wiki/Time_zone,https://en.wikipedia.org/wiki/Time_in_South_Korea
2,/wiki/Time_zone,https://en.wikipedia.org/wiki/Iran
2,/wiki/Time_zone,https://en.wikipedia.org/wiki/Afghanistan
2,/wiki/Time_zone,https://en.wikipedia.org/wiki/Time_in_Kazakhstan
2,/wiki/Time_zone,https://en.wikipedia.org/wiki/Time_in_India
2,/wiki/Time_zone,https://en.wikipedia.org/wiki/Norfolk_Island
2,/wiki/Time_zone,https://en.wikipedia.org/wiki/ISO_3166-1_alpha-2
2,/wiki/Time_zone,https://en.wikipedia.org/wiki/Baker_Island
2,/wiki/Time_zone,https://en.wikipedia.org/wiki/Howland_Island
2,/wiki/Time_zone,https://en.wikipedia.org/wiki/American_Samoa
2,/wiki/Time_zone,https://en.wikipedia.org/wiki/Niue
2,/wiki/Time_zone,https://en.wikipedia.org/wiki/French_Polynesia
2,/wiki/Time_zone,https://en.wikipedia.org/wiki/United_States
2,/wiki/Time_zone,https://en.wikipedia.org/wiki/Hawaii
2,/wiki/Time_zone,https://en.wikipedia.org/wiki/Aleutian_Islands
2,/wiki/Time_zone,https://en.wikipedia.org/wiki/Gambier_Islands
2,/wiki/Time_zone,https://en.wikipedia.org/wiki/Alaska
2,/wiki/Time_zone,https://en.wikipedia.org/wiki/Pitcairn_Islands
2,/wiki/Time_zone,https://en.wikipedia.org/wiki/Canada
2,/wiki/Time_zone,https://en.wikipedia.org/wiki/British_Columbia
2,/wiki/Time_zone,https://en.wikipedia.org/wiki/Mexico
2,/wiki/Time_zone,https://en.wikipedia.org/wiki/Baja_California
2,/wiki/Time_zone,https://en.wikipedia.org/wiki/California
2,/wiki/Time_zone,https://en.wikipedia.org/wiki/Nevada
2,/wiki/Time_zone,https://en.wikipedia.org/wiki/Oregon
2,/wiki/Time_zone,https://en.wikipedia.org/wiki/Washington_(state)
2,/wiki/Time_zone,https://en.wikipedia.org/wiki/Sonora
2,/wiki/Time_zone,https://en.wikipedia.org/wiki/Arizona
2,/wiki/Time_zone,https://en.wikipedia.org/wiki/Alberta
2,/wiki/Time_zone,https://en.wikipedia.org/wiki/Chihuahua_(state)
2,/wiki/Time_zone,https://en.wikipedia.org/wiki/Colorado
2,/wiki/Time_zone,https://en.wikipedia.org/wiki/Belize
2,/wiki/Time_zone,https://en.wikipedia.org/wiki/Saskatchewan
2,/wiki/Time_zone,https://en.wikipedia.org/wiki/Costa_Rica
2,/wiki/Time_zone,https://en.wikipedia.org/wiki/Ecuador
2,/wiki/Time_zone,https://en.wikipedia.org/wiki/Gal%C3%A1pagos_Islands
2,/wiki/Time_zone,https://en.wikipedia.org/wiki/El_Salvador
2,/wiki/Time_zone,https://en.wikipedia.org/wiki/Guatemala
2,/wiki/Time_zone,https://en.wikipedia.org/wiki/Honduras
2,/wiki/Time_zone,https://en.wikipedia.org/wiki/Nicaragua
2,/wiki/Time_zone,https://en.wikipedia.org/wiki/Manitoba
2,/wiki/Time_zone,https://en.wikipedia.org/wiki/Illinois
2,/wiki/Time_zone,https://en.wikipedia.org/wiki/Texas
2,/wiki/Time_zone,https://en.wikipedia.org/wiki/Chile
2,/wiki/Time_zone,https://en.wikipedia.org/wiki/Easter_Island
2,/wiki/Time_zone,https://en.wikipedia.org/wiki/Brazil
2,/wiki/Time_zone,https://en.wikipedia.org/wiki/Acre_(state)
2,/wiki/Time_zone,https://en.wikipedia.org/wiki/Colombia
2,/wiki/Time_zone,https://en.wikipedia.org/wiki/Haiti
2,/wiki/Time_zone,https://en.wikipedia.org/wiki/Jamaica
2,/wiki/Time_zone,https://en.wikipedia.org/wiki/Quintana_Roo
2,/wiki/Time_zone,https://en.wikipedia.org/wiki/Panama
2,/wiki/Time_zone,https://en.wikipedia.org/wiki/Peru
2,/wiki/Time_zone,https://en.wikipedia.org/wiki/The_Bahamas
2,/wiki/Time_zone,https://en.wikipedia.org/wiki/Ontario
2,/wiki/Time_zone,https://en.wikipedia.org/wiki/Quebec
2,/wiki/Time_zone,https://en.wikipedia.org/wiki/Cuba
2,/wiki/Time_zone,https://en.wikipedia.org/wiki/Florida
2,/wiki/Time_zone,https://en.wikipedia.org/wiki/Georgia_(U.S._state)
2,/wiki/Time_zone,https://en.wikipedia.org/wiki/New_York_(state)
2,/wiki/Time_zone,https://en.wikipedia.org/wiki/Ohio
2,/wiki/Time_zone,https://en.wikipedia.org/wiki/Pennsylvania
2,/wiki/Time_zone,https://en.wikipedia.org/wiki/Barbados
2,/wiki/Time_zone,https://en.wikipedia.org/wiki/Bolivia
2,/wiki/Time_zone,https://en.wikipedia.org/wiki/Amazonas_(Brazilian_state)
2,/wiki/Time_zone,https://en.wikipedia.org/wiki/Rond%C3%B4nia
2,/wiki/Time_zone,https://en.wikipedia.org/wiki/Roraima
2,/wiki/Time_zone,https://en.wikipedia.org/wiki/Dominican_Republic
2,/wiki/Time_zone,https://en.wikipedia.org/wiki/Puerto_Rico
2,/wiki/Time_zone,https://en.wikipedia.org/wiki/Trinidad_and_Tobago
2,/wiki/Time_zone,https://en.wikipedia.org/wiki/Venezuela
2,/wiki/Time_zone,https://en.wikipedia.org/wiki/Time_in_Venezuela
2,/wiki/Time_zone,https://en.wikipedia.org/wiki/Mato_Grosso
2,/wiki/Time_zone,https://en.wikipedia.org/wiki/Mato_Grosso_do_Sul
2,/wiki/Time_zone,https://en.wikipedia.org/wiki/Nova_Scotia
2,/wiki/Time_zone,https://en.wikipedia.org/wiki/New_Brunswick
2,/wiki/Time_zone,https://en.wikipedia.org/wiki/Labrador
2,/wiki/Time_zone,https://en.wikipedia.org/wiki/Prince_Edward_Island
2,/wiki/Time_zone,https://en.wikipedia.org/wiki/Paraguay
2,/wiki/Time_zone,https://en.wikipedia.org/wiki/Argentina
2,/wiki/Time_zone,https://en.wikipedia.org/wiki/Bahia
2,/wiki/Time_zone,https://en.wikipedia.org/wiki/Cear%C3%A1
2,/wiki/Time_zone,https://en.wikipedia.org/wiki/Maranh%C3%A3o
2,/wiki/Time_zone,https://en.wikipedia.org/wiki/Par%C3%A1
2,/wiki/Time_zone,https://en.wikipedia.org/wiki/Pernambuco
2,/wiki/Time_zone,https://en.wikipedia.org/wiki/Magallanes_Region
2,/wiki/Time_zone,https://en.wikipedia.org/wiki/Falkland_Islands
2,/wiki/Time_zone,https://en.wikipedia.org/wiki/Time_in_the_Falkland_Islands
2,/wiki/Time_zone,https://en.wikipedia.org/wiki/Saint_Pierre_and_Miquelon
2,/wiki/Time_zone,https://en.wikipedia.org/wiki/Uruguay
2,/wiki/Time_zone,https://en.wikipedia.org/wiki/Federal_District_(Brazil)
2,/wiki/Time_zone,https://en.wikipedia.org/wiki/Minas_Gerais
2,/wiki/Time_zone,https://en.wikipedia.org/wiki/Paran%C3%A1_(state)
2,/wiki/Time_zone,https://en.wikipedia.org/wiki/Rio_Grande_do_Sul
2,/wiki/Time_zone,https://en.wikipedia.org/wiki/Rio_de_Janeiro_(state)
2,/wiki/Time_zone,https://en.wikipedia.org/wiki/S%C3%A3o_Paulo_(state)
2,/wiki/Time_zone,https://en.wikipedia.org/wiki/Greenland
2,/wiki/Time_zone,https://en.wikipedia.org/wiki/Fernando_de_Noronha
2,/wiki/Time_zone,https://en.wikipedia.org/wiki/South_Georgia_and_the_South_Sandwich_Islands
2,/wiki/Time_zone,https://en.wikipedia.org/wiki/Cape_Verde
2,/wiki/Time_zone,https://en.wikipedia.org/wiki/Portugal
2,/wiki/Time_zone,https://en.wikipedia.org/wiki/Azores
2,/wiki/Time_zone,https://en.wikipedia.org/wiki/Ivory_Coast
2,/wiki/Time_zone,https://en.wikipedia.org/wiki/Ghana
2,/wiki/Time_zone,https://en.wikipedia.org/wiki/Saint_Helena
2,/wiki/Time_zone,https://en.wikipedia.org/wiki/Saint_Helena|_Ascension_and_Tristan_da_Cunha
2,/wiki/Time_zone,https://en.wikipedia.org/wiki/Senegal
2,/wiki/Time_zone,https://en.wikipedia.org/wiki/Mali
2,/wiki/Time_zone,https://en.wikipedia.org/wiki/Faroe_Islands
2,/wiki/Time_zone,https://en.wikipedia.org/wiki/Republic_of_Ireland
2,/wiki/Time_zone,https://en.wikipedia.org/wiki/Morocco
2,/wiki/Time_zone,https://en.wikipedia.org/wiki/Continental_Portugal
2,/wiki/Time_zone,https://en.wikipedia.org/wiki/Madeira
2,/wiki/Time_zone,https://en.wikipedia.org/wiki/Spain
2,/wiki/Time_zone,https://en.wikipedia.org/wiki/Canary_Islands
2,/wiki/Time_zone,https://en.wikipedia.org/wiki/United_Kingdom
2,/wiki/Time_zone,https://en.wikipedia.org/wiki/Western_Sahara
2,/wiki/Time_zone,https://en.wikipedia.org/wiki/Algeria
2,/wiki/Time_zone,https://en.wikipedia.org/wiki/Angola
2,/wiki/Time_zone,https://en.wikipedia.org/wiki/Benin
2,/wiki/Time_zone,https://en.wikipedia.org/wiki/Cameroon
2,/wiki/Time_zone,https://en.wikipedia.org/wiki/Gabon
2,/wiki/Time_zone,https://en.wikipedia.org/wiki/Tunisia
2,/wiki/Time_zone,https://en.wikipedia.org/wiki/Albania
2,/wiki/Time_zone,https://en.wikipedia.org/wiki/Austria
2,/wiki/Time_zone,https://en.wikipedia.org/wiki/Belgium
2,/wiki/Time_zone,https://en.wikipedia.org/wiki/Bosnia_and_Herzegovina
2,/wiki/Time_zone,https://en.wikipedia.org/wiki/Croatia
2,/wiki/Time_zone,https://en.wikipedia.org/wiki/Czech_Republic
2,/wiki/Time_zone,https://en.wikipedia.org/wiki/Denmark
2,/wiki/Time_zone,https://en.wikipedia.org/wiki/France
2,/wiki/Time_zone,https://en.wikipedia.org/wiki/Metropolitan_France
2,/wiki/Time_zone,https://en.wikipedia.org/wiki/Germany
2,/wiki/Time_zone,https://en.wikipedia.org/wiki/Hungary
2,/wiki/Time_zone,https://en.wikipedia.org/wiki/Italy
2,/wiki/Time_zone,https://en.wikipedia.org/wiki/Malta
2,/wiki/Time_zone,https://en.wikipedia.org/wiki/Republic_of_Macedonia
2,/wiki/Time_zone,https://en.wikipedia.org/wiki/Netherlands
2,/wiki/Time_zone,https://en.wikipedia.org/wiki/Norway
2,/wiki/Time_zone,https://en.wikipedia.org/wiki/Poland
2,/wiki/Time_zone,https://en.wikipedia.org/wiki/Serbia
2,/wiki/Time_zone,https://en.wikipedia.org/wiki/Slovakia
2,/wiki/Time_zone,https://en.wikipedia.org/wiki/Slovenia
2,/wiki/Time_zone,https://en.wikipedia.org/wiki/Sweden
2,/wiki/Time_zone,https://en.wikipedia.org/wiki/Switzerland
2,/wiki/Time_zone,https://en.wikipedia.org/wiki/Jordan
2,/wiki/Time_zone,https://en.wikipedia.org/wiki/Russia
2,/wiki/Time_zone,https://en.wikipedia.org/wiki/Kaliningrad_Oblast
2,/wiki/Time_zone,https://en.wikipedia.org/wiki/Sudan
2,/wiki/Time_zone,https://en.wikipedia.org/wiki/Swaziland
2,/wiki/Time_zone,https://en.wikipedia.org/wiki/Bulgaria
2,/wiki/Time_zone,https://en.wikipedia.org/wiki/Cyprus
2,/wiki/Time_zone,https://en.wikipedia.org/wiki/Israel
2,/wiki/Time_zone,https://en.wikipedia.org/wiki/Lebanon
2,/wiki/Time_zone,https://en.wikipedia.org/wiki/Moldova
2,/wiki/Time_zone,https://en.wikipedia.org/wiki/State_of_Palestine
2,/wiki/Time_zone,https://en.wikipedia.org/wiki/Syria
2,/wiki/Time_zone,https://en.wikipedia.org/wiki/Djibouti
2,/wiki/Time_zone,https://en.wikipedia.org/wiki/Eritrea
2,/wiki/Time_zone,https://en.wikipedia.org/wiki/Ethiopia
2,/wiki/Time_zone,https://en.wikipedia.org/wiki/Iraq
2,/wiki/Time_zone,https://en.wikipedia.org/wiki/Kenya
2,/wiki/Time_zone,https://en.wikipedia.org/wiki/Kuwait
2,/wiki/Time_zone,https://en.wikipedia.org/wiki/Madagascar
2,/wiki/Time_zone,https://en.wikipedia.org/wiki/Northern_Cyprus
2,/wiki/Time_zone,https://en.wikipedia.org/wiki/European_Russia
2,/wiki/Time_zone,https://en.wikipedia.org/wiki/Saudi_Arabia
2,/wiki/Time_zone,https://en.wikipedia.org/wiki/Somalia
2,/wiki/Time_zone,https://en.wikipedia.org/wiki/South_Sudan
2,/wiki/Time_zone,https://en.wikipedia.org/wiki/Tanzania
2,/wiki/Time_zone,https://en.wikipedia.org/wiki/Uganda
2,/wiki/Time_zone,https://en.wikipedia.org/wiki/Yemen
2,/wiki/Time_zone,https://en.wikipedia.org/wiki/Armenia
2,/wiki/Time_zone,https://en.wikipedia.org/wiki/Azerbaijan
2,/wiki/Time_zone,https://en.wikipedia.org/wiki/Georgia_(country)
2,/wiki/Time_zone,https://en.wikipedia.org/wiki/Mauritius
2,/wiki/Time_zone,https://en.wikipedia.org/wiki/Oman
2,/wiki/Time_zone,https://en.wikipedia.org/wiki/Samara_Oblast
2,/wiki/Time_zone,https://en.wikipedia.org/wiki/Seychelles
2,/wiki/Time_zone,https://en.wikipedia.org/wiki/United_Arab_Emirates
2,/wiki/Time_zone,https://en.wikipedia.org/wiki/Maldives
2,/wiki/Time_zone,https://en.wikipedia.org/wiki/Pakistan
2,/wiki/Time_zone,https://en.wikipedia.org/wiki/Sverdlovsk_Oblast
2,/wiki/Time_zone,https://en.wikipedia.org/wiki/Chelyabinsk_Oblast
2,/wiki/Time_zone,https://en.wikipedia.org/wiki/Uzbekistan
2,/wiki/Time_zone,https://en.wikipedia.org/wiki/India
2,/wiki/Time_zone,https://en.wikipedia.org/wiki/Sri_Lanka
2,/wiki/Time_zone,https://en.wikipedia.org/wiki/Bangladesh
2,/wiki/Time_zone,https://en.wikipedia.org/wiki/Bhutan
2,/wiki/Time_zone,https://en.wikipedia.org/wiki/British_Indian_Ocean_Territory
2,/wiki/Time_zone,https://en.wikipedia.org/wiki/Omsk_Oblast
2,/wiki/Time_zone,https://en.wikipedia.org/wiki/Cocos_(Keeling)_Islands
2,/wiki/Time_zone,https://en.wikipedia.org/wiki/Cambodia
2,/wiki/Time_zone,https://en.wikipedia.org/wiki/Indonesia
2,/wiki/Time_zone,https://en.wikipedia.org/wiki/Laos
2,/wiki/Time_zone,https://en.wikipedia.org/wiki/Krasnoyarsk_Krai
2,/wiki/Time_zone,https://en.wikipedia.org/wiki/Thailand
2,/wiki/Time_zone,https://en.wikipedia.org/wiki/Vietnam
2,/wiki/Time_zone,https://en.wikipedia.org/wiki/Mongolia
2,/wiki/Time_zone,https://en.wikipedia.org/wiki/Australia
2,/wiki/Time_zone,https://en.wikipedia.org/wiki/Western_Australia
2,/wiki/Time_zone,https://en.wikipedia.org/wiki/Brunei
2,/wiki/Time_zone,https://en.wikipedia.org/wiki/China
2,/wiki/Time_zone,https://en.wikipedia.org/wiki/Hong_Kong
2,/wiki/Time_zone,https://en.wikipedia.org/wiki/Macau
2,/wiki/Time_zone,https://en.wikipedia.org/wiki/Malaysia
2,/wiki/Time_zone,https://en.wikipedia.org/wiki/Philippines
2,/wiki/Time_zone,https://en.wikipedia.org/wiki/Irkutsk_Oblast
2,/wiki/Time_zone,https://en.wikipedia.org/wiki/Singapore
2,/wiki/Time_zone,https://en.wikipedia.org/wiki/Taiwan
2,/wiki/Time_zone,https://en.wikipedia.org/wiki/East_Timor
2,/wiki/Time_zone,https://en.wikipedia.org/wiki/Japan
2,/wiki/Time_zone,https://en.wikipedia.org/wiki/North_Korea
2,/wiki/Time_zone,https://en.wikipedia.org/wiki/Sakha_Republic
2,/wiki/Time_zone,https://en.wikipedia.org/wiki/South_Korea
2,/wiki/Time_zone,https://en.wikipedia.org/wiki/Northern_Territory
2,/wiki/Time_zone,https://en.wikipedia.org/wiki/South_Australia
2,/wiki/Time_zone,https://en.wikipedia.org/wiki/Queensland
2,/wiki/Time_zone,https://en.wikipedia.org/wiki/Papua_New_Guinea
2,/wiki/Time_zone,https://en.wikipedia.org/wiki/Primorsky_Krai
2,/wiki/Time_zone,https://en.wikipedia.org/wiki/New_South_Wales
2,/wiki/Time_zone,https://en.wikipedia.org/wiki/Tasmania
2,/wiki/Time_zone,https://en.wikipedia.org/wiki/Victoria_(Australia)
2,/wiki/Time_zone,https://en.wikipedia.org/wiki/Lord_Howe_Island
2,/wiki/Time_zone,https://en.wikipedia.org/wiki/New_Caledonia
2,/wiki/Time_zone,https://en.wikipedia.org/wiki/Magadan_Oblast
2,/wiki/Time_zone,https://en.wikipedia.org/wiki/Solomon_Islands
2,/wiki/Time_zone,https://en.wikipedia.org/wiki/Vanuatu
2,/wiki/Time_zone,https://en.wikipedia.org/wiki/Gilbert_Islands
2,/wiki/Time_zone,https://en.wikipedia.org/wiki/Kamchatka_Krai
2,/wiki/Time_zone,https://en.wikipedia.org/wiki/Fiji
2,/wiki/Time_zone,https://en.wikipedia.org/wiki/New_Zealand
2,/wiki/Time_zone,https://en.wikipedia.org/wiki/Phoenix_Islands
2,/wiki/Time_zone,https://en.wikipedia.org/wiki/Tokelau
2,/wiki/Time_zone,https://en.wikipedia.org/wiki/Tonga
2,/wiki/Time_zone,https://en.wikipedia.org/wiki/Samoa
2,/wiki/Time_zone,https://en.wikipedia.org/wiki/Line_Islands
2,/wiki/Time_zone,https://en.wikipedia.org/wiki/Cairo
2,/wiki/Time_zone,https://en.wikipedia.org/wiki/Wellington
2,/wiki/Time_zone,https://en.wikipedia.org/wiki/Southern_Hemisphere
2,/wiki/Time_zone,https://en.wikipedia.org/wiki/Samoa_Time_Zone
2,/wiki/Time_zone,https://en.wikipedia.org/wiki/Juneau|_Alaska
2,/wiki/Time_zone,https://en.wikipedia.org/wiki/Alaska_Time_Zone
2,/wiki/Time_zone,https://en.wikipedia.org/wiki/San_Francisco
2,/wiki/Time_zone,https://en.wikipedia.org/wiki/Los_Angeles
2,/wiki/Time_zone,https://en.wikipedia.org/wiki/Pacific_Time_Zone
2,/wiki/Time_zone,https://en.wikipedia.org/wiki/Denver
2,/wiki/Time_zone,https://en.wikipedia.org/wiki/Mountain_Time_Zone
2,/wiki/Time_zone,https://en.wikipedia.org/wiki/Winnipeg
2,/wiki/Time_zone,https://en.wikipedia.org/wiki/Mexico_City
2,/wiki/Time_zone,https://en.wikipedia.org/wiki/Central_Time_Zone
2,/wiki/Time_zone,https://en.wikipedia.org/wiki/Ottawa
2,/wiki/Time_zone,https://en.wikipedia.org/wiki/New_York_City
2,/wiki/Time_zone,https://en.wikipedia.org/wiki/Miami
2,/wiki/Time_zone,https://en.wikipedia.org/wiki/Quito
2,/wiki/Time_zone,https://en.wikipedia.org/wiki/Lima
2,/wiki/Time_zone,https://en.wikipedia.org/wiki/Caracas
2,/wiki/Time_zone,https://en.wikipedia.org/wiki/La_Paz
2,/wiki/Time_zone,https://en.wikipedia.org/wiki/Santiago
2,/wiki/Time_zone,https://en.wikipedia.org/wiki/Rio_de_Janeiro
2,/wiki/Time_zone,https://en.wikipedia.org/wiki/Buenos_Aires
2,/wiki/Time_zone,https://en.wikipedia.org/wiki/Cape_Verde_Time
2,/wiki/Time_zone,https://en.wikipedia.org/wiki/Lisbon
2,/wiki/Time_zone,https://en.wikipedia.org/wiki/Algiers
2,/wiki/Time_zone,https://en.wikipedia.org/wiki/Monrovia
2,/wiki/Time_zone,https://en.wikipedia.org/wiki/Paris
2,/wiki/Time_zone,https://en.wikipedia.org/wiki/Rome
2,/wiki/Time_zone,https://en.wikipedia.org/wiki/Lagos
2,/wiki/Time_zone,https://en.wikipedia.org/wiki/Kinshasa
2,/wiki/Time_zone,https://en.wikipedia.org/wiki/Central_European_Time
2,/wiki/Time_zone,https://en.wikipedia.org/wiki/Helsinki
2,/wiki/Time_zone,https://en.wikipedia.org/wiki/Moscow
2,/wiki/Time_zone,https://en.wikipedia.org/wiki/Cape_Town
2,/wiki/Time_zone,https://en.wikipedia.org/wiki/Eastern_European_Time
2,/wiki/Time_zone,https://en.wikipedia.org/wiki/Ankara
2,/wiki/Time_zone,https://en.wikipedia.org/wiki/Magnitogorsk
2,/wiki/Time_zone,https://en.wikipedia.org/wiki/R%C3%A9union
2,/wiki/Time_zone,https://en.wikipedia.org/wiki/Salekhard
2,/wiki/Time_zone,https://en.wikipedia.org/wiki/Bishkek
2,/wiki/Time_zone,https://en.wikipedia.org/wiki/Kerguelen_Islands
2,/wiki/Time_zone,https://en.wikipedia.org/wiki/Pakistan_Standard_Time
2,/wiki/Time_zone,https://en.wikipedia.org/wiki/Norilsk
2,/wiki/Time_zone,https://en.wikipedia.org/wiki/Novosibirsk
2,/wiki/Time_zone,https://en.wikipedia.org/wiki/Bangladesh_Standard_Time
2,/wiki/Time_zone,https://en.wikipedia.org/wiki/Irkutsk
2,/wiki/Time_zone,https://en.wikipedia.org/wiki/Bangkok
2,/wiki/Time_zone,https://en.wikipedia.org/wiki/Jakarta
2,/wiki/Time_zone,https://en.wikipedia.org/wiki/Yakutsk
2,/wiki/Time_zone,https://en.wikipedia.org/wiki/Beijing
2,/wiki/Time_zone,https://en.wikipedia.org/wiki/Manila
2,/wiki/Time_zone,https://en.wikipedia.org/wiki/Perth
2,/wiki/Time_zone,https://en.wikipedia.org/wiki/Vladivostok
2,/wiki/Time_zone,https://en.wikipedia.org/wiki/Tokyo
2,/wiki/Time_zone,https://en.wikipedia.org/wiki/Japan_Standard_Time
2,/wiki/Time_zone,https://en.wikipedia.org/wiki/Magadan
2,/wiki/Time_zone,https://en.wikipedia.org/wiki/Sydney
2,/wiki/Time_zone,https://en.wikipedia.org/wiki/Melbourne
2,/wiki/Time_zone,https://en.wikipedia.org/wiki/New_York_Stock_Exchange
2,/wiki/Time_zone,https://en.wikipedia.org/wiki/Nautical_time
2,/wiki/Time_zone,https://en.wikipedia.org/wiki/International_waters
2,/wiki/Time_zone,https://en.wikipedia.org/wiki/Gore_(segment)
2,/wiki/Time_zone,https://en.wikipedia.org/wiki/Territorial_waters
2,/wiki/Time_zone,https://en.wikipedia.org/wiki/Mux%C3%ADa
2,/wiki/Time_zone,https://en.wikipedia.org/wiki/Latitude
2,/wiki/Time_zone,https://en.wikipedia.org/wiki/Solstice
2,/wiki/Time_zone,https://en.wikipedia.org/wiki/Stockholm
2,/wiki/Time_zone,https://en.wikipedia.org/wiki/Nome|_Alaska
2,/wiki/Time_zone,https://en.wikipedia.org/wiki/165th_meridian_west
2,/wiki/Time_zone,https://en.wikipedia.org/wiki/135th_meridian_west
2,/wiki/Time_zone,https://en.wikipedia.org/wiki/Kotzebue|_Alaska
2,/wiki/Time_zone,https://en.wikipedia.org/wiki/120th_meridian_east
2,/wiki/Time_zone,https://en.wikipedia.org/wiki/Xinjiang
2,/wiki/Time_zone,https://en.wikipedia.org/wiki/Tibet_Autonomous_Region
2,/wiki/Time_zone,https://en.wikipedia.org/wiki/Clock
2,/wiki/Time_zone,https://en.wikipedia.org/wiki/Hour
2,/wiki/Time_zone,https://en.wikipedia.org/wiki/Spring_(season)
2,/wiki/Time_zone,https://en.wikipedia.org/wiki/Autumn
2,/wiki/Time_zone,https://en.wikipedia.org/wiki/World_War_I
2,/wiki/Time_zone,https://en.wikipedia.org/wiki/Energy_conservation
2,/wiki/Time_zone,https://en.wikipedia.org/wiki/Daylight_saving_time_by_country
2,/wiki/Time_zone,https://en.wikipedia.org/wiki/Operating_system
2,/wiki/Time_zone,https://en.wikipedia.org/wiki/System_time
2,/wiki/Time_zone,https://en.wikipedia.org/wiki/World_Wide_Web_Consortium
2,/wiki/Time_zone,https://en.wikipedia.org/wiki/Email
2,/wiki/Time_zone,https://en.wikipedia.org/wiki/Internet_Relay_Chat
2,/wiki/Time_zone,https://en.wikipedia.org/wiki/Database
2,/wiki/Time_zone,https://en.wikipedia.org/wiki/Calendaring_software
2,/wiki/Time_zone,https://en.wikipedia.org/wiki/Microsoft_Outlook
2,/wiki/Time_zone,https://en.wikipedia.org/wiki/Google_Calendar
2,/wiki/Time_zone,https://en.wikipedia.org/wiki/Unix_time
2,/wiki/Time_zone,https://en.wikipedia.org/wiki/Unix-like
2,/wiki/Time_zone,https://en.wikipedia.org/wiki/Linux
2,/wiki/Time_zone,https://en.wikipedia.org/wiki/Environment_variable
2,/wiki/Time_zone,https://en.wikipedia.org/wiki/GNU_C_Library
2,/wiki/Time_zone,https://en.wikipedia.org/wiki/Microsoft_Windows
2,/wiki/Time_zone,https://en.wikipedia.org/wiki/Windows_2000
2,/wiki/Time_zone,https://en.wikipedia.org/wiki/Windows_Registry
2,/wiki/Time_zone,https://en.wikipedia.org/wiki/Remote_Desktop_Services
2,/wiki/Time_zone,https://en.wikipedia.org/wiki/Java_(programming_language)
2,/wiki/Time_zone,https://en.wikipedia.org/wiki/Smalltalk
2,/wiki/Time_zone,https://en.wikipedia.org/wiki/VisualWorks
2,/wiki/Time_zone,https://en.wikipedia.org/wiki/Squeak
2,/wiki/Time_zone,https://en.wikipedia.org/wiki/Dolphin_Smalltalk
2,/wiki/Time_zone,https://en.wikipedia.org/wiki/Apollo_program
2,/wiki/Time_zone,https://en.wikipedia.org/wiki/Space_exploration
2,/wiki/Time_zone,https://en.wikipedia.org/wiki/International_Space_Station
2,/wiki/Time_zone,https://en.wikipedia.org/wiki/Timekeeping_on_Mars
2,/wiki/Time_zone,https://en.wikipedia.org/wiki/Coventry_Transport_Museum
2,/wiki/Time_zone,https://en.wikipedia.org/wiki/Metric_time
2,/wiki/Time_zone,https://en.wikipedia.org/wiki/World_clock
2,/wiki/Time_zone,https://en.wikipedia.org/wiki/Jet_lag
2,/wiki/Time_zone,https://en.wikipedia.org/wiki/Wayback_Machine
2,/wiki/Time_zone,https://en.wikipedia.org/wiki/International_Standard_Book_Number
2,/wiki/Time_zone,https://en.wikipedia.org/wiki/Digital_object_identifier
2,/wiki/Time_zone,https://en.wikipedia.org/wiki/The_Open_Group
2,/wiki/Time_zone,https://en.wikipedia.org/wiki/Past
2,/wiki/Time_zone,https://en.wikipedia.org/wiki/History
2,/wiki/Time_zone,https://en.wikipedia.org/wiki/Deep_time
2,/wiki/Time_zone,https://en.wikipedia.org/wiki/Present
2,/wiki/Time_zone,https://en.wikipedia.org/wiki/Future
2,/wiki/Time_zone,https://en.wikipedia.org/wiki/Futures_studies
2,/wiki/Time_zone,https://en.wikipedia.org/wiki/Far_future_in_religion
2,/wiki/Time_zone,https://en.wikipedia.org/wiki/Far_future_in_science_fiction_and_popular_culture
2,/wiki/Time_zone,https://en.wikipedia.org/wiki/Timeline_of_the_far_future
2,/wiki/Time_zone,https://en.wikipedia.org/wiki/Eternity
2,/wiki/Time_zone,https://en.wikipedia.org/wiki/Eternity_of_the_world
2,/wiki/Time_zone,https://en.wikipedia.org/wiki/Time_standard
2,/wiki/Time_zone,https://en.wikipedia.org/wiki/Chronometry
2,/wiki/Time_zone,https://en.wikipedia.org/wiki/Universal_Time
2,/wiki/Time_zone,https://en.wikipedia.org/wiki/International_Atomic_Time
2,/wiki/Time_zone,https://en.wikipedia.org/wiki/Unit_of_time
2,/wiki/Time_zone,https://en.wikipedia.org/wiki/Planck_time
2,/wiki/Time_zone,https://en.wikipedia.org/wiki/Second
2,/wiki/Time_zone,https://en.wikipedia.org/wiki/Minute
2,/wiki/Time_zone,https://en.wikipedia.org/wiki/Day
2,/wiki/Time_zone,https://en.wikipedia.org/wiki/Week
2,/wiki/Time_zone,https://en.wikipedia.org/wiki/Month
2,/wiki/Time_zone,https://en.wikipedia.org/wiki/Season
2,/wiki/Time_zone,https://en.wikipedia.org/wiki/Year
2,/wiki/Time_zone,https://en.wikipedia.org/wiki/Decade
2,/wiki/Time_zone,https://en.wikipedia.org/wiki/Century
2,/wiki/Time_zone,https://en.wikipedia.org/wiki/Millennium
2,/wiki/Time_zone,https://en.wikipedia.org/wiki/Tropical_year
2,/wiki/Time_zone,https://en.wikipedia.org/wiki/Sidereal_year
2,/wiki/Time_zone,https://en.wikipedia.org/wiki/Samvatsara
2,/wiki/Time_zone,https://en.wikipedia.org/wiki/System_of_measurement
2,/wiki/Time_zone,https://en.wikipedia.org/wiki/Six-hour_clock
2,/wiki/Time_zone,https://en.wikipedia.org/wiki/12-hour_clock
2,/wiki/Time_zone,https://en.wikipedia.org/wiki/24-hour_clock
2,/wiki/Time_zone,https://en.wikipedia.org/wiki/Solar_time
2,/wiki/Time_zone,https://en.wikipedia.org/wiki/Sidereal_time
2,/wiki/Time_zone,https://en.wikipedia.org/wiki/Decimal_time
2,/wiki/Time_zone,https://en.wikipedia.org/wiki/Hexadecimal_time
2,/wiki/Time_zone,https://en.wikipedia.org/wiki/Calendar
2,/wiki/Time_zone,https://en.wikipedia.org/wiki/Gregorian_calendar
2,/wiki/Time_zone,https://en.wikipedia.org/wiki/Julian_calendar
2,/wiki/Time_zone,https://en.wikipedia.org/wiki/Hebrew_calendar
2,/wiki/Time_zone,https://en.wikipedia.org/wiki/Islamic_calendar
2,/wiki/Time_zone,https://en.wikipedia.org/wiki/Lunar_calendar
2,/wiki/Time_zone,https://en.wikipedia.org/wiki/Solar_Hijri_calendar
2,/wiki/Time_zone,https://en.wikipedia.org/wiki/Maya_calendar
2,/wiki/Time_zone,https://en.wikipedia.org/wiki/Intercalation_(timekeeping)
2,/wiki/Time_zone,https://en.wikipedia.org/wiki/Leap_second
2,/wiki/Time_zone,https://en.wikipedia.org/wiki/Leap_year
2,/wiki/Time_zone,https://en.wikipedia.org/wiki/Horology
2,/wiki/Time_zone,https://en.wikipedia.org/wiki/History_of_timekeeping_devices
2,/wiki/Time_zone,https://en.wikipedia.org/wiki/Astrarium
2,/wiki/Time_zone,https://en.wikipedia.org/wiki/Atomic_clock
2,/wiki/Time_zone,https://en.wikipedia.org/wiki/Quantum_clock
2,/wiki/Time_zone,https://en.wikipedia.org/wiki/Hourglass
2,/wiki/Time_zone,https://en.wikipedia.org/wiki/Schema_for_horizontal_dials
2,/wiki/Time_zone,https://en.wikipedia.org/wiki/Watch
2,/wiki/Time_zone,https://en.wikipedia.org/wiki/Mechanical_watch
2,/wiki/Time_zone,https://en.wikipedia.org/wiki/Stopwatch
2,/wiki/Time_zone,https://en.wikipedia.org/wiki/Water_clock
2,/wiki/Time_zone,https://en.wikipedia.org/wiki/Cuckoo_clock
2,/wiki/Time_zone,https://en.wikipedia.org/wiki/Digital_clock
2,/wiki/Time_zone,https://en.wikipedia.org/wiki/Grandfather_clock
2,/wiki/Time_zone,https://en.wikipedia.org/wiki/Chronology
2,/wiki/Time_zone,https://en.wikipedia.org/wiki/Astronomical_chronology
2,/wiki/Time_zone,https://en.wikipedia.org/wiki/Big_History
2,/wiki/Time_zone,https://en.wikipedia.org/wiki/Calendar_era
2,/wiki/Time_zone,https://en.wikipedia.org/wiki/Chronicle
2,/wiki/Time_zone,https://en.wikipedia.org/wiki/Periodization
2,/wiki/Time_zone,https://en.wikipedia.org/wiki/Regnal_year
2,/wiki/Time_zone,https://en.wikipedia.org/wiki/Timeline
2,/wiki/Time_zone,https://en.wikipedia.org/wiki/Dreamtime
2,/wiki/Time_zone,https://en.wikipedia.org/wiki/Kalachakra
2,/wiki/Time_zone,https://en.wikipedia.org/wiki/Prophecy
2,/wiki/Time_zone,https://en.wikipedia.org/wiki/Time_and_fate_deities
2,/wiki/Time_zone,https://en.wikipedia.org/wiki/Wheel_of_time
2,/wiki/Time_zone,https://en.wikipedia.org/wiki/Immortality
2,/wiki/Time_zone,https://en.wikipedia.org/wiki/Philosophy_of_space_and_time
2,/wiki/Time_zone,https://en.wikipedia.org/wiki/B-theory_of_time
2,/wiki/Time_zone,https://en.wikipedia.org/wiki/Causality
2,/wiki/Time_zone,https://en.wikipedia.org/wiki/Duration_(philosophy)
2,/wiki/Time_zone,https://en.wikipedia.org/wiki/Endurantism
2,/wiki/Time_zone,https://en.wikipedia.org/wiki/Eternal_return
2,/wiki/Time_zone,https://en.wikipedia.org/wiki/Eternalism_(philosophy_of_time)
2,/wiki/Time_zone,https://en.wikipedia.org/wiki/Event_(philosophy)
2,/wiki/Time_zone,https://en.wikipedia.org/wiki/Multiple_time_dimensions
2,/wiki/Time_zone,https://en.wikipedia.org/wiki/Perdurantism
2,/wiki/Time_zone,https://en.wikipedia.org/wiki/Philosophical_presentism
2,/wiki/Time_zone,https://en.wikipedia.org/wiki/Static_interpretation_of_time
2,/wiki/Time_zone,https://en.wikipedia.org/wiki/Temporal_finitism
2,/wiki/Time_zone,https://en.wikipedia.org/wiki/Temporal_parts
2,/wiki/Time_zone,https://en.wikipedia.org/wiki/The_Unreality_of_Time
2,/wiki/Time_zone,https://en.wikipedia.org/wiki/Accounting_period
2,/wiki/Time_zone,https://en.wikipedia.org/wiki/Chronemics
2,/wiki/Time_zone,https://en.wikipedia.org/wiki/Fiscal_year
2,/wiki/Time_zone,https://en.wikipedia.org/wiki/Generation_time
2,/wiki/Time_zone,https://en.wikipedia.org/wiki/Mental_chronometry
2,/wiki/Time_zone,https://en.wikipedia.org/wiki/Duration_(music)
2,/wiki/Time_zone,https://en.wikipedia.org/wiki/Procrastination
2,/wiki/Time_zone,https://en.wikipedia.org/wiki/Punctuality
2,/wiki/Time_zone,https://en.wikipedia.org/wiki/Temporal_database
2,/wiki/Time_zone,https://en.wikipedia.org/wiki/Term_(time)
2,/wiki/Time_zone,https://en.wikipedia.org/wiki/Time_discipline
2,/wiki/Time_zone,https://en.wikipedia.org/wiki/Time_management
2,/wiki/Time_zone,https://en.wikipedia.org/wiki/Time_perception
2,/wiki/Time_zone,https://en.wikipedia.org/wiki/Specious_present
2,/wiki/Time_zone,https://en.wikipedia.org/wiki/Time-tracking_software
2,/wiki/Time_zone,https://en.wikipedia.org/wiki/Time-use_research
2,/wiki/Time_zone,https://en.wikipedia.org/wiki/Time-based_currency
2,/wiki/Time_zone,https://en.wikipedia.org/wiki/Time_value_of_money
2,/wiki/Time_zone,https://en.wikipedia.org/wiki/Time_clock
2,/wiki/Time_zone,https://en.wikipedia.org/wiki/Timesheet
2,/wiki/Time_zone,https://en.wikipedia.org/wiki/Yesterday_(time)
2,/wiki/Time_zone,https://en.wikipedia.org/wiki/Tomorrow_(time)
2,/wiki/Time_zone,https://en.wikipedia.org/wiki/Geology
2,/wiki/Time_zone,https://en.wikipedia.org/wiki/Geologic_time_scale
2,/wiki/Time_zone,https://en.wikipedia.org/wiki/Age_(geology)
2,/wiki/Time_zone,https://en.wikipedia.org/wiki/Chronozone
2,/wiki/Time_zone,https://en.wikipedia.org/wiki/Epoch_(geology)
2,/wiki/Time_zone,https://en.wikipedia.org/wiki/Era_(geology)
2,/wiki/Time_zone,https://en.wikipedia.org/wiki/Geochronology
2,/wiki/Time_zone,https://en.wikipedia.org/wiki/Geological_history_of_Earth
2,/wiki/Time_zone,https://en.wikipedia.org/wiki/Time_in_physics
2,/wiki/Time_zone,https://en.wikipedia.org/wiki/Absolute_space_and_time
2,/wiki/Time_zone,https://en.wikipedia.org/wiki/Arrow_of_time
2,/wiki/Time_zone,https://en.wikipedia.org/wiki/Chronon
2,/wiki/Time_zone,https://en.wikipedia.org/wiki/Coordinate_time
2,/wiki/Time_zone,https://en.wikipedia.org/wiki/Imaginary_time
2,/wiki/Time_zone,https://en.wikipedia.org/wiki/Proper_time
2,/wiki/Time_zone,https://en.wikipedia.org/wiki/Rate_(mathematics)
2,/wiki/Time_zone,https://en.wikipedia.org/wiki/Spacetime
2,/wiki/Time_zone,https://en.wikipedia.org/wiki/Theory_of_relativity
2,/wiki/Time_zone,https://en.wikipedia.org/wiki/Time_dilation
2,/wiki/Time_zone,https://en.wikipedia.org/wiki/Gravitational_time_dilation
2,/wiki/Time_zone,https://en.wikipedia.org/wiki/Time_domain
2,/wiki/Time_zone,https://en.wikipedia.org/wiki/Time_translation_symmetry
2,/wiki/Time_zone,https://en.wikipedia.org/wiki/T-symmetry
2,/wiki/Time_zone,https://en.wikipedia.org/wiki/Chronological_dating
2,/wiki/Time_zone,https://en.wikipedia.org/wiki/Chronobiology
2,/wiki/Time_zone,https://en.wikipedia.org/wiki/Circadian_rhythm
2,/wiki/Time_zone,https://en.wikipedia.org/wiki/Time_geography
2,/wiki/Time_zone,https://en.wikipedia.org/wiki/Carpe_diem
2,/wiki/Time_zone,https://en.wikipedia.org/wiki/Clock_position
2,/wiki/Time_zone,https://en.wikipedia.org/wiki/Space
2,/wiki/Time_zone,https://en.wikipedia.org/wiki/Tempus_fugit
2,/wiki/Time_zone,https://en.wikipedia.org/wiki/Time_capsule
2,/wiki/Time_zone,https://en.wikipedia.org/wiki/Time_complexity
2,/wiki/Time_zone,https://en.wikipedia.org/wiki/Time_signature
2,/wiki/Time_zone,https://en.wikipedia.org/wiki/Time_travel
2,/wiki/Time_zone,https://en.wikipedia.org/wiki/Orders_of_magnitude_(time)
2,/wiki/Time_zone,https://en.wikipedia.org/wiki/Metrology
2,/wiki/Time_zone,https://en.wikipedia.org/wiki/%CE%94T
2,/wiki/Time_zone,https://en.wikipedia.org/wiki/DUT1
2,/wiki/Time_zone,https://en.wikipedia.org/wiki/International_Earth_Rotation_and_Reference_Systems_Service
2,/wiki/Time_zone,https://en.wikipedia.org/wiki/ISO_31-1
2,/wiki/Time_zone,https://en.wikipedia.org/wiki/Barycentric_Coordinate_Time
2,/wiki/Time_zone,https://en.wikipedia.org/wiki/Barycentric_Dynamical_Time
2,/wiki/Time_zone,https://en.wikipedia.org/wiki/Civil_time
2,/wiki/Time_zone,https://en.wikipedia.org/wiki/Geocentric_Coordinate_Time
2,/wiki/Time_zone,https://en.wikipedia.org/wiki/International_Date_Line
2,/wiki/Time_zone,https://en.wikipedia.org/wiki/Terrestrial_Time
2,/wiki/Time_zone,https://en.wikipedia.org/wiki/Ephemeris_time
2,/wiki/Time_zone,https://en.wikipedia.org/wiki/Prime_meridian
2,/wiki/Time_zone,https://en.wikipedia.org/wiki/Cosmological_decade
2,/wiki/Time_zone,https://en.wikipedia.org/wiki/Discrete_time_and_continuous_time
2,/wiki/Time_zone,https://en.wikipedia.org/wiki/Complication_(horology)
2,/wiki/Time_zone,https://en.wikipedia.org/wiki/Marine_sandglass
2,/wiki/Time_zone,https://en.wikipedia.org/wiki/Radio_clock
2,/wiki/Time_zone,https://en.wikipedia.org/wiki/Dialing_scales
2,/wiki/Time_zone,https://en.wikipedia.org/wiki/History_of_sundials
2,/wiki/Time_zone,https://en.wikipedia.org/wiki/Astronomical_year_numbering
2,/wiki/Time_zone,https://en.wikipedia.org/wiki/Dominical_letter
2,/wiki/Time_zone,https://en.wikipedia.org/wiki/Epact
2,/wiki/Time_zone,https://en.wikipedia.org/wiki/Equinox
2,/wiki/Time_zone,https://en.wikipedia.org/wiki/Hindu_calendar
2,/wiki/Time_zone,https://en.wikipedia.org/wiki/Lunisolar_calendar
2,/wiki/Time_zone,https://en.wikipedia.org/wiki/Solar_calendar
2,/wiki/Time_zone,https://en.wikipedia.org/wiki/Determination_of_the_day_of_the_week
2,/wiki/Time_zone,https://en.wikipedia.org/wiki/Names_of_the_days_of_the_week
2,/wiki/Time_zone,https://en.wikipedia.org/wiki/International_Commission_on_Stratigraphy
2,/wiki/Time_zone,https://en.wikipedia.org/wiki/Galactic_year
2,/wiki/Time_zone,https://en.wikipedia.org/wiki/Nuclear_timescale
2,/wiki/Time_zone,https://en.wikipedia.org/wiki/Precession
2,/wiki/Time_zone,https://en.wikipedia.org/wiki/Flick_(time)
2,/wiki/Time_zone,https://en.wikipedia.org/wiki/Shake_(unit)
2,/wiki/Time_zone,https://en.wikipedia.org/wiki/Jiffy_(time)
2,/wiki/Time_zone,https://en.wikipedia.org/wiki/Moment_(time)
2,/wiki/Time_zone,https://en.wikipedia.org/wiki/Fortnight
2,/wiki/Time_zone,https://en.wikipedia.org/wiki/Olympiad
2,/wiki/Time_zone,https://en.wikipedia.org/wiki/Lustrum
2,/wiki/Time_zone,https://en.wikipedia.org/wiki/Saeculum
2,/wiki/Time_zone,https://en.wikipedia.org/wiki/Timekeeper
2,/wiki/Time_zone,https://en.wikipedia.org/wiki/Integrated_Authority_File
3,/wiki/List_of_time_zones_by_country,https://en.wikipedia.org/wiki/Territorial_claims_in_Antarctica
3,/wiki/List_of_time_zones_by_country,https://en.wikipedia.org/wiki/Clipperton_Island
3,/wiki/List_of_time_zones_by_country,https://en.wikipedia.org/wiki/Guadeloupe
3,/wiki/List_of_time_zones_by_country,https://en.wikipedia.org/wiki/Martinique
3,/wiki/List_of_time_zones_by_country,https://en.wikipedia.org/wiki/Saint_Barth%C3%A9lemy
3,/wiki/List_of_time_zones_by_country,https://en.wikipedia.org/wiki/French_Guiana
3,/wiki/List_of_time_zones_by_country,https://en.wikipedia.org/wiki/Mayotte
3,/wiki/List_of_time_zones_by_country,https://en.wikipedia.org/wiki/Crozet_Islands
3,/wiki/List_of_time_zones_by_country,https://en.wikipedia.org/wiki/Scattered_Islands_in_the_Indian_Ocean
3,/wiki/List_of_time_zones_by_country,https://en.wikipedia.org/wiki/Wallis_and_Futuna
3,/wiki/List_of_time_zones_by_country,https://en.wikipedia.org/wiki/Time_in_France
3,/wiki/List_of_time_zones_by_country,https://en.wikipedia.org/wiki/Kaliningrad_Time
3,/wiki/List_of_time_zones_by_country,https://en.wikipedia.org/wiki/Moscow_Time
3,/wiki/List_of_time_zones_by_country,https://en.wikipedia.org/wiki/Russian_Railways
3,/wiki/List_of_time_zones_by_country,https://en.wikipedia.org/wiki/Samara_Time
3,/wiki/List_of_time_zones_by_country,https://en.wikipedia.org/wiki/Astrakhan_Oblast
3,/wiki/List_of_time_zones_by_country,https://en.wikipedia.org/wiki/Saratov_Oblast
3,/wiki/List_of_time_zones_by_country,https://en.wikipedia.org/wiki/Udmurtia
3,/wiki/List_of_time_zones_by_country,https://en.wikipedia.org/wiki/Ulyanovsk_Oblast
3,/wiki/List_of_time_zones_by_country,https://en.wikipedia.org/wiki/Yekaterinburg_Time
3,/wiki/List_of_time_zones_by_country,https://en.wikipedia.org/wiki/Bashkortostan
3,/wiki/List_of_time_zones_by_country,https://en.wikipedia.org/wiki/Kurgan_Oblast
3,/wiki/List_of_time_zones_by_country,https://en.wikipedia.org/wiki/Orenburg_Oblast
3,/wiki/List_of_time_zones_by_country,https://en.wikipedia.org/wiki/Perm_Krai
3,/wiki/List_of_time_zones_by_country,https://en.wikipedia.org/wiki/Tyumen_Oblast
3,/wiki/List_of_time_zones_by_country,https://en.wikipedia.org/wiki/Omsk_Time
3,/wiki/List_of_time_zones_by_country,https://en.wikipedia.org/wiki/Krasnoyarsk_Time
3,/wiki/List_of_time_zones_by_country,https://en.wikipedia.org/wiki/Altai_Krai
3,/wiki/List_of_time_zones_by_country,https://en.wikipedia.org/wiki/Altai_Republic
3,/wiki/List_of_time_zones_by_country,https://en.wikipedia.org/wiki/Kemerovo_Oblast
3,/wiki/List_of_time_zones_by_country,https://en.wikipedia.org/wiki/Khakassia
3,/wiki/List_of_time_zones_by_country,https://en.wikipedia.org/wiki/Novosibirsk_Oblast
3,/wiki/List_of_time_zones_by_country,https://en.wikipedia.org/wiki/Tomsk_Oblast
3,/wiki/List_of_time_zones_by_country,https://en.wikipedia.org/wiki/Tuva
3,/wiki/List_of_time_zones_by_country,https://en.wikipedia.org/wiki/Irkutsk_Time
3,/wiki/List_of_time_zones_by_country,https://en.wikipedia.org/wiki/Yakutsk_Time
3,/wiki/List_of_time_zones_by_country,https://en.wikipedia.org/wiki/Amur_Oblast
3,/wiki/List_of_time_zones_by_country,https://en.wikipedia.org/wiki/Zabaykalsky_Krai
3,/wiki/List_of_time_zones_by_country,https://en.wikipedia.org/wiki/Vladivostok_Time
3,/wiki/List_of_time_zones_by_country,https://en.wikipedia.org/wiki/Jewish_Autonomous_Oblast
3,/wiki/List_of_time_zones_by_country,https://en.wikipedia.org/wiki/Khabarovsk_Krai
3,/wiki/List_of_time_zones_by_country,https://en.wikipedia.org/wiki/Magadan_Time
3,/wiki/List_of_time_zones_by_country,https://en.wikipedia.org/wiki/Sakhalin_Oblast
3,/wiki/List_of_time_zones_by_country,https://en.wikipedia.org/wiki/Kamchatka_Time
3,/wiki/List_of_time_zones_by_country,https://en.wikipedia.org/wiki/Chukotka_Autonomous_Okrug
3,/wiki/List_of_time_zones_by_country,https://en.wikipedia.org/wiki/Jarvis_Island
3,/wiki/List_of_time_zones_by_country,https://en.wikipedia.org/wiki/Kingman_Reef
3,/wiki/List_of_time_zones_by_country,https://en.wikipedia.org/wiki/Midway_Atoll
3,/wiki/List_of_time_zones_by_country,https://en.wikipedia.org/wiki/Palmyra_Atoll
3,/wiki/List_of_time_zones_by_country,https://en.wikipedia.org/wiki/Hawaii%E2%80%93Aleutian_Time_Zone
3,/wiki/List_of_time_zones_by_country,https://en.wikipedia.org/wiki/Johnston_Atoll
3,/wiki/List_of_time_zones_by_country,https://en.wikipedia.org/wiki/Mountain_states
3,/wiki/List_of_time_zones_by_country,https://en.wikipedia.org/wiki/Great_Lakes
3,/wiki/List_of_time_zones_by_country,https://en.wikipedia.org/wiki/East_Coast_of_the_United_States
3,/wiki/List_of_time_zones_by_country,https://en.wikipedia.org/wiki/Chamorro_Time_Zone
3,/wiki/List_of_time_zones_by_country,https://en.wikipedia.org/wiki/Guam
3,/wiki/List_of_time_zones_by_country,https://en.wikipedia.org/wiki/Northern_Mariana_Islands
3,/wiki/List_of_time_zones_by_country,https://en.wikipedia.org/wiki/Wake_Island
3,/wiki/List_of_time_zones_by_country,https://en.wikipedia.org/wiki/McMurdo_Station
3,/wiki/List_of_time_zones_by_country,https://en.wikipedia.org/wiki/Amundsen%E2%80%93Scott_South_Pole_Station
3,/wiki/List_of_time_zones_by_country,https://en.wikipedia.org/wiki/Antarctica
3,/wiki/List_of_time_zones_by_country,https://en.wikipedia.org/wiki/Palmer_Station
3,/wiki/List_of_time_zones_by_country,https://en.wikipedia.org/wiki/Mawson_Station
3,/wiki/List_of_time_zones_by_country,https://en.wikipedia.org/wiki/Vostok_Station
3,/wiki/List_of_time_zones_by_country,https://en.wikipedia.org/wiki/Davis_Station
3,/wiki/List_of_time_zones_by_country,https://en.wikipedia.org/wiki/Casey_Station
3,/wiki/List_of_time_zones_by_country,https://en.wikipedia.org/wiki/Macquarie_Island
3,/wiki/List_of_time_zones_by_country,https://en.wikipedia.org/wiki/Christmas_Island
3,/wiki/List_of_time_zones_by_country,https://en.wikipedia.org/wiki/Indian_Pacific
3,/wiki/List_of_time_zones_by_country,https://en.wikipedia.org/wiki/Port_Augusta
3,/wiki/List_of_time_zones_by_country,https://en.wikipedia.org/wiki/Kalgoorlie
3,/wiki/List_of_time_zones_by_country,https://en.wikipedia.org/wiki/Border_Village
3,/wiki/List_of_time_zones_by_country,https://en.wikipedia.org/wiki/Caiguna|_Western_Australia
3,/wiki/List_of_time_zones_by_country,https://en.wikipedia.org/wiki/Eucla|_Western_Australia
3,/wiki/List_of_time_zones_by_country,https://en.wikipedia.org/wiki/Madura|_Western_Australia
3,/wiki/List_of_time_zones_by_country,https://en.wikipedia.org/wiki/Mundrabilla|_Western_Australia
3,/wiki/List_of_time_zones_by_country,https://en.wikipedia.org/wiki/Yancowinna_County
3,/wiki/List_of_time_zones_by_country,https://en.wikipedia.org/wiki/Australian_Capital_Territory
3,/wiki/List_of_time_zones_by_country,https://en.wikipedia.org/wiki/Cayman_Islands
3,/wiki/List_of_time_zones_by_country,https://en.wikipedia.org/wiki/Anguilla
3,/wiki/List_of_time_zones_by_country,https://en.wikipedia.org/wiki/Bermuda
3,/wiki/List_of_time_zones_by_country,https://en.wikipedia.org/wiki/British_Virgin_Islands
3,/wiki/List_of_time_zones_by_country,https://en.wikipedia.org/wiki/Montserrat
3,/wiki/List_of_time_zones_by_country,https://en.wikipedia.org/wiki/Turks_and_Caicos_Islands
3,/wiki/List_of_time_zones_by_country,https://en.wikipedia.org/wiki/British_Summer_Time
3,/wiki/List_of_time_zones_by_country,https://en.wikipedia.org/wiki/Guernsey
3,/wiki/List_of_time_zones_by_country,https://en.wikipedia.org/wiki/Isle_of_Man
3,/wiki/List_of_time_zones_by_country,https://en.wikipedia.org/wiki/Jersey
3,/wiki/List_of_time_zones_by_country,https://en.wikipedia.org/wiki/Gibraltar
3,/wiki/List_of_time_zones_by_country,https://en.wikipedia.org/wiki/Akrotiri_and_Dhekelia
3,/wiki/List_of_time_zones_by_country,https://en.wikipedia.org/wiki/Tungsten|_Northwest_Territories
3,/wiki/List_of_time_zones_by_country,https://en.wikipedia.org/wiki/Cantung_Mine
3,/wiki/List_of_time_zones_by_country,https://en.wikipedia.org/wiki/Northwest_Territories
3,/wiki/List_of_time_zones_by_country,https://en.wikipedia.org/wiki/Yukon
3,/wiki/List_of_time_zones_by_country,https://en.wikipedia.org/wiki/Nunavut
3,/wiki/List_of_time_zones_by_country,https://en.wikipedia.org/wiki/Lloydminster
3,/wiki/List_of_time_zones_by_country,https://en.wikipedia.org/wiki/Newfoundland_(island)
3,/wiki/List_of_time_zones_by_country,https://en.wikipedia.org/wiki/Thule_Air_Base
3,/wiki/List_of_time_zones_by_country,https://en.wikipedia.org/wiki/Ittoqqortoormiit
3,/wiki/List_of_time_zones_by_country,https://en.wikipedia.org/wiki/Tunu
3,/wiki/List_of_time_zones_by_country,https://en.wikipedia.org/wiki/Danmarkshavn
3,/wiki/List_of_time_zones_by_country,https://en.wikipedia.org/wiki/Time_in_Denmark
3,/wiki/List_of_time_zones_by_country,https://en.wikipedia.org/wiki/Cook_Islands
3,/wiki/List_of_time_zones_by_country,https://en.wikipedia.org/wiki/Southeast_Region|_Brazil
3,/wiki/List_of_time_zones_by_country,https://en.wikipedia.org/wiki/South_Region|_Brazil
3,/wiki/List_of_time_zones_by_country,https://en.wikipedia.org/wiki/Northeast_Region|_Brazil
3,/wiki/List_of_time_zones_by_country,https://en.wikipedia.org/wiki/Goi%C3%A1s
3,/wiki/List_of_time_zones_by_country,https://en.wikipedia.org/wiki/Tocantins
3,/wiki/List_of_time_zones_by_country,https://en.wikipedia.org/wiki/Amap%C3%A1
3,/wiki/List_of_time_zones_by_country,https://en.wikipedia.org/wiki/Rocas_Atoll
3,/wiki/List_of_time_zones_by_country,https://en.wikipedia.org/wiki/Saint_Peter_and_Saint_Paul_Archipelago
3,/wiki/List_of_time_zones_by_country,https://en.wikipedia.org/wiki/Baja_California_Sur
3,/wiki/List_of_time_zones_by_country,https://en.wikipedia.org/wiki/Nayarit
3,/wiki/List_of_time_zones_by_country,https://en.wikipedia.org/wiki/Sinaloa
3,/wiki/List_of_time_zones_by_country,https://en.wikipedia.org/wiki/Sumatra
3,/wiki/List_of_time_zones_by_country,https://en.wikipedia.org/wiki/West_Kalimantan
3,/wiki/List_of_time_zones_by_country,https://en.wikipedia.org/wiki/Central_Kalimantan
3,/wiki/List_of_time_zones_by_country,https://en.wikipedia.org/wiki/Sulawesi
3,/wiki/List_of_time_zones_by_country,https://en.wikipedia.org/wiki/Bali
3,/wiki/List_of_time_zones_by_country,https://en.wikipedia.org/wiki/East_Nusa_Tenggara
3,/wiki/List_of_time_zones_by_country,https://en.wikipedia.org/wiki/West_Nusa_Tenggara
3,/wiki/List_of_time_zones_by_country,https://en.wikipedia.org/wiki/East_Kalimantan
3,/wiki/List_of_time_zones_by_country,https://en.wikipedia.org/wiki/North_Kalimantan
3,/wiki/List_of_time_zones_by_country,https://en.wikipedia.org/wiki/South_Kalimantan
3,/wiki/List_of_time_zones_by_country,https://en.wikipedia.org/wiki/Maluku_(province)
3,/wiki/List_of_time_zones_by_country,https://en.wikipedia.org/wiki/North_Maluku
3,/wiki/List_of_time_zones_by_country,https://en.wikipedia.org/wiki/West_Papua_(province)
3,/wiki/List_of_time_zones_by_country,https://en.wikipedia.org/wiki/West_Africa_Time
3,/wiki/List_of_time_zones_by_country,https://en.wikipedia.org/wiki/Central_Africa_Time
3,/wiki/List_of_time_zones_by_country,https://en.wikipedia.org/wiki/Gal%C3%A1pagos_Time
3,/wiki/List_of_time_zones_by_country,https://en.wikipedia.org/wiki/Time_in_Ecuador
3,/wiki/List_of_time_zones_by_country,https://en.wikipedia.org/wiki/Federated_States_of_Micronesia
3,/wiki/List_of_time_zones_by_country,https://en.wikipedia.org/wiki/Chuuk_State
3,/wiki/List_of_time_zones_by_country,https://en.wikipedia.org/wiki/Yap
3,/wiki/List_of_time_zones_by_country,https://en.wikipedia.org/wiki/Kosrae
3,/wiki/List_of_time_zones_by_country,https://en.wikipedia.org/wiki/Pohnpei
3,/wiki/List_of_time_zones_by_country,https://en.wikipedia.org/wiki/Kingdom_of_the_Netherlands
3,/wiki/List_of_time_zones_by_country,https://en.wikipedia.org/wiki/Caribbean
3,/wiki/List_of_time_zones_by_country,https://en.wikipedia.org/wiki/Khovd_Province
3,/wiki/List_of_time_zones_by_country,https://en.wikipedia.org/wiki/Uvs_Province
3,/wiki/List_of_time_zones_by_country,https://en.wikipedia.org/wiki/Bayan-%C3%96lgii_Province
3,/wiki/List_of_time_zones_by_country,https://en.wikipedia.org/wiki/Autonomous_Region_of_Bougainville
3,/wiki/List_of_time_zones_by_country,https://en.wikipedia.org/wiki/Western_European_Time
3,/wiki/List_of_time_zones_by_country,https://en.wikipedia.org/wiki/Time_in_Portugal
3,/wiki/List_of_time_zones_by_country,https://en.wikipedia.org/wiki/South_African_Standard_Time
3,/wiki/List_of_time_zones_by_country,https://en.wikipedia.org/wiki/Prince_Edward_Islands
3,/wiki/List_of_time_zones_by_country,https://en.wikipedia.org/wiki/Time_in_Spain
3,/wiki/List_of_time_zones_by_country,https://en.wikipedia.org/wiki/Donetsk
3,/wiki/List_of_time_zones_by_country,https://en.wikipedia.org/wiki/Luhansk
3,/wiki/List_of_time_zones_by_country,https://en.wikipedia.org/wiki/Time_in_Ukraine
3,/wiki/List_of_time_zones_by_country,https://en.wikipedia.org/wiki/Time_in_Afghanistan
3,/wiki/List_of_time_zones_by_country,https://en.wikipedia.org/wiki/Andorra
3,/wiki/List_of_time_zones_by_country,https://en.wikipedia.org/wiki/Antigua_and_Barbuda
3,/wiki/List_of_time_zones_by_country,https://en.wikipedia.org/wiki/Bahrain
3,/wiki/List_of_time_zones_by_country,https://en.wikipedia.org/wiki/Further-eastern_European_Time
3,/wiki/List_of_time_zones_by_country,https://en.wikipedia.org/wiki/Bhutan_Time
3,/wiki/List_of_time_zones_by_country,https://en.wikipedia.org/wiki/Time_in_Bosnia_and_Herzegovina
3,/wiki/List_of_time_zones_by_country,https://en.wikipedia.org/wiki/Burkina_Faso
3,/wiki/List_of_time_zones_by_country,https://en.wikipedia.org/wiki/Time_in_Cambodia
3,/wiki/List_of_time_zones_by_country,https://en.wikipedia.org/wiki/Central_African_Republic
3,/wiki/List_of_time_zones_by_country,https://en.wikipedia.org/wiki/Chad
3,/wiki/List_of_time_zones_by_country,https://en.wikipedia.org/wiki/Time_in_China
3,/wiki/List_of_time_zones_by_country,https://en.wikipedia.org/wiki/Time_in_Colombia
3,/wiki/List_of_time_zones_by_country,https://en.wikipedia.org/wiki/Comoros
3,/wiki/List_of_time_zones_by_country,https://en.wikipedia.org/wiki/East_Africa_Time
3,/wiki/List_of_time_zones_by_country,https://en.wikipedia.org/wiki/Republic_of_the_Congo
3,/wiki/List_of_time_zones_by_country,https://en.wikipedia.org/wiki/Time_in_Costa_Rica
3,/wiki/List_of_time_zones_by_country,https://en.wikipedia.org/wiki/Time_in_the_Czech_Republic
3,/wiki/List_of_time_zones_by_country,https://en.wikipedia.org/wiki/Dominica
3,/wiki/List_of_time_zones_by_country,https://en.wikipedia.org/wiki/Time_in_East_Timor
3,/wiki/List_of_time_zones_by_country,https://en.wikipedia.org/wiki/Equatorial_Guinea
3,/wiki/List_of_time_zones_by_country,https://en.wikipedia.org/wiki/Time_in_Ethiopia
3,/wiki/List_of_time_zones_by_country,https://en.wikipedia.org/wiki/The_Gambia
3,/wiki/List_of_time_zones_by_country,https://en.wikipedia.org/wiki/Grenada
3,/wiki/List_of_time_zones_by_country,https://en.wikipedia.org/wiki/Guinea
3,/wiki/List_of_time_zones_by_country,https://en.wikipedia.org/wiki/Guinea-Bissau
3,/wiki/List_of_time_zones_by_country,https://en.wikipedia.org/wiki/Guyana
3,/wiki/List_of_time_zones_by_country,https://en.wikipedia.org/wiki/Hong_Kong_Time
3,/wiki/List_of_time_zones_by_country,https://en.wikipedia.org/wiki/Time_in_Hungary
3,/wiki/List_of_time_zones_by_country,https://en.wikipedia.org/wiki/Iran_Standard_Time
3,/wiki/List_of_time_zones_by_country,https://en.wikipedia.org/wiki/Israel_Standard_Time
3,/wiki/List_of_time_zones_by_country,https://en.wikipedia.org/wiki/Time_in_North_Korea
3,/wiki/List_of_time_zones_by_country,https://en.wikipedia.org/wiki/Kosovo
3,/wiki/List_of_time_zones_by_country,https://en.wikipedia.org/wiki/Kyrgyzstan
3,/wiki/List_of_time_zones_by_country,https://en.wikipedia.org/wiki/Lesotho
3,/wiki/List_of_time_zones_by_country,https://en.wikipedia.org/wiki/Liberia
3,/wiki/List_of_time_zones_by_country,https://en.wikipedia.org/wiki/Liechtenstein
3,/wiki/List_of_time_zones_by_country,https://en.wikipedia.org/wiki/Luxembourg
3,/wiki/List_of_time_zones_by_country,https://en.wikipedia.org/wiki/Time_in_Malaysia
3,/wiki/List_of_time_zones_by_country,https://en.wikipedia.org/wiki/Time_in_Malta
3,/wiki/List_of_time_zones_by_country,https://en.wikipedia.org/wiki/Marshall_Islands
3,/wiki/List_of_time_zones_by_country,https://en.wikipedia.org/wiki/Mauritania
3,/wiki/List_of_time_zones_by_country,https://en.wikipedia.org/wiki/Mauritius_Time
3,/wiki/List_of_time_zones_by_country,https://en.wikipedia.org/wiki/Monaco
3,/wiki/List_of_time_zones_by_country,https://en.wikipedia.org/wiki/Montenegro
3,/wiki/List_of_time_zones_by_country,https://en.wikipedia.org/wiki/Myanmar_Standard_Time
3,/wiki/List_of_time_zones_by_country,https://en.wikipedia.org/wiki/Nauru
3,/wiki/List_of_time_zones_by_country,https://en.wikipedia.org/wiki/Time_in_Nepal
3,/wiki/List_of_time_zones_by_country,https://en.wikipedia.org/wiki/Time_in_Norway
3,/wiki/List_of_time_zones_by_country,https://en.wikipedia.org/wiki/Time_in_Pakistan
3,/wiki/List_of_time_zones_by_country,https://en.wikipedia.org/wiki/Palau
3,/wiki/List_of_time_zones_by_country,https://en.wikipedia.org/wiki/Time_in_Peru
3,/wiki/List_of_time_zones_by_country,https://en.wikipedia.org/wiki/Philippine_Standard_Time
3,/wiki/List_of_time_zones_by_country,https://en.wikipedia.org/wiki/Qatar
3,/wiki/List_of_time_zones_by_country,https://en.wikipedia.org/wiki/Saint_Kitts_and_Nevis
3,/wiki/List_of_time_zones_by_country,https://en.wikipedia.org/wiki/Saint_Lucia
3,/wiki/List_of_time_zones_by_country,https://en.wikipedia.org/wiki/Saint_Vincent_and_the_Grenadines
3,/wiki/List_of_time_zones_by_country,https://en.wikipedia.org/wiki/Time_in_Samoa
3,/wiki/List_of_time_zones_by_country,https://en.wikipedia.org/wiki/San_Marino
3,/wiki/List_of_time_zones_by_country,https://en.wikipedia.org/wiki/S%C3%A3o_Tom%C3%A9_and_Pr%C3%ADncipe
3,/wiki/List_of_time_zones_by_country,https://en.wikipedia.org/wiki/Seychelles_Time
3,/wiki/List_of_time_zones_by_country,https://en.wikipedia.org/wiki/Sierra_Leone
3,/wiki/List_of_time_zones_by_country,https://en.wikipedia.org/wiki/Singapore_Standard_Time
3,/wiki/List_of_time_zones_by_country,https://en.wikipedia.org/wiki/Sri_Lanka_Standard_Time
3,/wiki/List_of_time_zones_by_country,https://en.wikipedia.org/wiki/Time_in_Sri_Lanka
3,/wiki/List_of_time_zones_by_country,https://en.wikipedia.org/wiki/Suriname
3,/wiki/List_of_time_zones_by_country,https://en.wikipedia.org/wiki/Time_in_Switzerland
3,/wiki/List_of_time_zones_by_country,https://en.wikipedia.org/wiki/Time_in_Syria
3,/wiki/List_of_time_zones_by_country,https://en.wikipedia.org/wiki/Time_in_Taiwan
3,/wiki/List_of_time_zones_by_country,https://en.wikipedia.org/wiki/Tajikistan
3,/wiki/List_of_time_zones_by_country,https://en.wikipedia.org/wiki/Time_in_Thailand
3,/wiki/List_of_time_zones_by_country,https://en.wikipedia.org/wiki/Togo
3,/wiki/List_of_time_zones_by_country,https://en.wikipedia.org/wiki/Time_in_Turkey
3,/wiki/List_of_time_zones_by_country,https://en.wikipedia.org/wiki/Turkmenistan
3,/wiki/List_of_time_zones_by_country,https://en.wikipedia.org/wiki/Tuvalu
3,/wiki/List_of_time_zones_by_country,https://en.wikipedia.org/wiki/Time_in_the_United_Arab_Emirates
3,/wiki/List_of_time_zones_by_country,https://en.wikipedia.org/wiki/Time_in_Uruguay
3,/wiki/List_of_time_zones_by_country,https://en.wikipedia.org/wiki/Time_in_Uzbekistan
3,/wiki/List_of_time_zones_by_country,https://en.wikipedia.org/wiki/Vatican_City
3,/wiki/List_of_time_zones_by_country,https://en.wikipedia.org/wiki/Time_in_Vietnam
3,/wiki/List_of_time_zones_by_country,https://en.wikipedia.org/wiki/90th_meridian_west
3,/wiki/List_of_time_zones_by_country,https://en.wikipedia.org/wiki/IERS_Reference_Meridian
3,/wiki/List_of_time_zones_by_country,https://en.wikipedia.org/wiki/90th_meridian_east
3,/wiki/List_of_time_zones_by_country,https://en.wikipedia.org/wiki/Tz_database
3,/wiki/List_of_time_zones_by_country,https://en.wikipedia.org/wiki/List_of_tz_database_time_zones
3,/wiki/List_of_time_zones_by_country,https://en.wikipedia.org/wiki/List_of_military_time_zones
3,/wiki/List_of_time_zones_by_country,https://en.wikipedia.org/wiki/Lists_of_countries_and_territories
3,/wiki/List_of_time_zones_by_country,https://en.wikipedia.org/wiki/Geography
3,/wiki/List_of_time_zones_by_country,https://en.wikipedia.org/wiki/List_of_international_rankings
3,/wiki/List_of_time_zones_by_country,https://en.wikipedia.org/wiki/List_of_countries_and_dependencies_by_area
3,/wiki/List_of_time_zones_by_country,https://en.wikipedia.org/wiki/List_of_countries_by_forest_area
3,/wiki/List_of_time_zones_by_country,https://en.wikipedia.org/wiki/List_of_countries_by_irrigated_land_area
3,/wiki/List_of_time_zones_by_country,https://en.wikipedia.org/wiki/List_of_elevation_extremes_by_country
3,/wiki/List_of_time_zones_by_country,https://en.wikipedia.org/wiki/List_of_countries_by_average_elevation
3,/wiki/List_of_time_zones_by_country,https://en.wikipedia.org/wiki/List_of_countries_by_northernmost_point
3,/wiki/List_of_time_zones_by_country,https://en.wikipedia.org/wiki/List_of_countries_by_southernmost_point
3,/wiki/List_of_time_zones_by_country,https://en.wikipedia.org/wiki/List_of_countries_by_easternmost_point
3,/wiki/List_of_time_zones_by_country,https://en.wikipedia.org/wiki/List_of_countries_by_westernmost_point
3,/wiki/List_of_time_zones_by_country,https://en.wikipedia.org/wiki/List_of_countries_by_length_of_coastline
3,/wiki/List_of_time_zones_by_country,https://en.wikipedia.org/wiki/List_of_countries_and_territories_by_land_borders
3,/wiki/List_of_time_zones_by_country,https://en.wikipedia.org/wiki/List_of_countries_and_territories_by_land_and_maritime_borders
3,/wiki/List_of_time_zones_by_country,https://en.wikipedia.org/wiki/List_of_countries_and_territories_by_maritime_boundaries
3,/wiki/List_of_time_zones_by_country,https://en.wikipedia.org/wiki/List_of_countries_and_territories_by_border/area_ratio
3,/wiki/List_of_time_zones_by_country,https://en.wikipedia.org/wiki/List_of_countries_by_total_renewable_water_resources
3,/wiki/List_of_time_zones_by_country,https://en.wikipedia.org/wiki/List_of_countries_by_freshwater_withdrawal
3,/wiki/List_of_time_zones_by_country,https://en.wikipedia.org/wiki/List_of_top_international_rankings_by_country
3,/wiki/List_of_time_zones_by_country,https://en.wikipedia.org/wiki/Lists_by_country
3,/wiki/Standard_time,https://en.wikipedia.org/wiki/Standard_time_(manufacturing)
3,/wiki/Standard_time,https://en.wikipedia.org/wiki/Meridian_(geography)
3,/wiki/Standard_time,https://en.wikipedia.org/wiki/Weather_forecasting
3,/wiki/Standard_time,https://en.wikipedia.org/wiki/Allegheny_Observatory
3,/wiki/Standard_time,https://en.wikipedia.org/wiki/Pennsylvania_Railroad
3,/wiki/Standard_time,https://en.wikipedia.org/wiki/Samuel_Pierpont_Langley
3,/wiki/Standard_time,https://en.wikipedia.org/wiki/Jefferson_City|_Missouri
3,/wiki/Standard_time,https://en.wikipedia.org/wiki/Deming|_New_Mexico
3,/wiki/Standard_time,https://en.wikipedia.org/wiki/El_Paso|_Texas
3,/wiki/Standard_time,https://en.wikipedia.org/wiki/Royal_Canadian_Institute
3,/wiki/Standard_time,https://en.wikipedia.org/wiki/Cleveland_Abbe
3,/wiki/Standard_time,https://en.wikipedia.org/wiki/Contiguous_United_States
3,/wiki/Standard_time,https://en.wikipedia.org/wiki/American_Railway_Association
3,/wiki/Standard_time,https://en.wikipedia.org/wiki/Grand_Pacific_Hotel_(Chicago)
3,/wiki/Standard_time,https://en.wikipedia.org/wiki/Intercolonial_Railway
3,/wiki/Standard_time,https://en.wikipedia.org/wiki/Maine
3,/wiki/Standard_time,https://en.wikipedia.org/wiki/United_States_Naval_Observatory
3,/wiki/Standard_time,https://en.wikipedia.org/wiki/Harvard_College_Observatory
3,/wiki/Standard_time,https://en.wikipedia.org/wiki/Yale_University_Observatory
3,/wiki/Standard_time,https://en.wikipedia.org/wiki/National_Institute_of_Standards_and_Technology
3,/wiki/Standard_time,https://en.wikipedia.org/wiki/United_States_Navy
3,/wiki/Standard_time,https://en.wikipedia.org/wiki/North_America_Railway_Hall_of_Fame
3,/wiki/Standard_time,https://en.wikipedia.org/wiki/Dominion_of_Newfoundland
3,/wiki/Standard_time,https://en.wikipedia.org/wiki/Atlantic_Time_Zone
3,/wiki/Standard_time,https://en.wikipedia.org/wiki/Amsterdam
3,/wiki/Standard_time,https://en.wikipedia.org/wiki/Loenen_aan_de_Vecht
3,/wiki/Standard_time,https://en.wikipedia.org/wiki/Gorinchem
3,/wiki/Standard_time,https://en.wikipedia.org/wiki/Mecca_Time
3,/wiki/Standard_time,https://en.wikipedia.org/wiki/National_Academy_of_Sciences
3,/wiki/Standard_time,https://en.wikipedia.org/wiki/National_Park_Service
3,/wiki/Standard_time,https://en.wikipedia.org/wiki/American_Meteorological_Society
3,/wiki/Standard_time,https://en.wikipedia.org/wiki/Milwaukee_Journal_Sentinel
3,/wiki/Standard_time,https://en.wikipedia.org/wiki/JSTOR
3,/wiki/Standard_time,https://en.wikipedia.org/wiki/Eviatar_Zerubavel
3,/wiki/Standard_time,https://en.wikipedia.org/wiki/National_Diet_Library
3,/wiki/Commerce,https://en.wikipedia.org/wiki/Goods_and_services
3,/wiki/Commerce,https://en.wikipedia.org/wiki/System
3,/wiki/Commerce,https://en.wikipedia.org/wiki/International_trade
3,/wiki/Commerce,https://en.wikipedia.org/wiki/Latin
3,/wiki/Commerce,https://en.wikipedia.org/wiki/Caduceus
3,/wiki/Commerce,https://en.wikipedia.org/wiki/Mercury_(mythology)
3,/wiki/Commerce,https://en.wikipedia.org/wiki/Financial_transaction
3,/wiki/Commerce,https://en.wikipedia.org/wiki/Trade
3,/wiki/Commerce,https://en.wikipedia.org/wiki/Barter
3,/wiki/Commerce,https://en.wikipedia.org/wiki/Circa
3,/wiki/Commerce,https://en.wikipedia.org/wiki/Currency
3,/wiki/Commerce,https://en.wikipedia.org/wiki/Money
3,/wiki/Commerce,https://en.wikipedia.org/wiki/Coin
3,/wiki/Commerce,https://en.wikipedia.org/wiki/Precious_metal
3,/wiki/Commerce,https://en.wikipedia.org/wiki/Value_(economics)
3,/wiki/Commerce,https://en.wikipedia.org/wiki/Middle_Ages
3,/wiki/Commerce,https://en.wikipedia.org/wiki/Fair
3,/wiki/Commerce,https://en.wikipedia.org/wiki/Wealth
3,/wiki/Commerce,https://en.wikipedia.org/wiki/Capital_(economics)
3,/wiki/Commerce,https://en.wikipedia.org/wiki/Marketplace
3,/wiki/Commerce,https://en.wikipedia.org/wiki/Corporation
3,/wiki/Commerce,https://en.wikipedia.org/wiki/Product_(business)
3,/wiki/Commerce,https://en.wikipedia.org/wiki/Service_(economics)
3,/wiki/Commerce,https://en.wikipedia.org/wiki/Market_(economics)
3,/wiki/Commerce,https://en.wikipedia.org/wiki/Tariff
3,/wiki/Commerce,https://en.wikipedia.org/wiki/Free_trade
3,/wiki/Commerce,https://en.wikipedia.org/wiki/Third_World
3,/wiki/Commerce,https://en.wikipedia.org/wiki/Globalization
3,/wiki/Commerce,https://en.wikipedia.org/wiki/Advertising
3,/wiki/Commerce,https://en.wikipedia.org/wiki/Bachelor_of_Commerce
3,/wiki/Commerce,https://en.wikipedia.org/wiki/Business
3,/wiki/Commerce,https://en.wikipedia.org/wiki/Capitalism
3,/wiki/Commerce,https://en.wikipedia.org/wiki/Commercial_law
3,/wiki/Commerce,https://en.wikipedia.org/wiki/Cargo
3,/wiki/Commerce,https://en.wikipedia.org/wiki/Eco_commerce
3,/wiki/Commerce,https://en.wikipedia.org/wiki/Economics
3,/wiki/Commerce,https://en.wikipedia.org/wiki/Export
3,/wiki/Commerce,https://en.wikipedia.org/wiki/Finance
3,/wiki/Commerce,https://en.wikipedia.org/wiki/Fishery
3,/wiki/Commerce,https://en.wikipedia.org/wiki/Harvest
3,/wiki/Commerce,https://en.wikipedia.org/wiki/Industry
3,/wiki/Commerce,https://en.wikipedia.org/wiki/Import
3,/wiki/Commerce,https://en.wikipedia.org/wiki/Laissez-faire
3,/wiki/Commerce,https://en.wikipedia.org/wiki/Manufacturing
3,/wiki/Commerce,https://en.wikipedia.org/wiki/Marketing
3,/wiki/Commerce,https://en.wikipedia.org/wiki/Mass_production
3,/wiki/Commerce,https://en.wikipedia.org/wiki/Master_of_Commerce
3,/wiki/Commerce,https://en.wikipedia.org/wiki/Merchandising
3,/wiki/Commerce,https://en.wikipedia.org/wiki/Encyclop%C3%A6dia_Britannica_Eleventh_Edition
3,/wiki/Commerce,https://en.wikipedia.org/wiki/Gold
3,/wiki/Commerce,https://en.wikipedia.org/wiki/National_Archives_and_Records_Administration
3,/wiki/Social,https://en.wikipedia.org/wiki/Thomas_Gainsborough
3,/wiki/Social,https://en.wikipedia.org/wiki/Organism
3,/wiki/Social,https://en.wikipedia.org/wiki/Human
3,/wiki/Social,https://en.wikipedia.org/wiki/Volition_(psychology)
3,/wiki/Social,https://en.wikipedia.org/wiki/Socii
3,/wiki/Social,https://en.wikipedia.org/wiki/Roman_Republic
3,/wiki/Social,https://en.wikipedia.org/wiki/Social_War_(91%E2%80%9388_BC)
3,/wiki/Social,https://en.wikipedia.org/wiki/Concept
3,/wiki/Social,https://en.wikipedia.org/wiki/Attitude_(psychology)
3,/wiki/Social,https://en.wikipedia.org/wiki/Anti-social_behaviour
3,/wiki/Social,https://en.wikipedia.org/wiki/Social_realism
