1,seed,https://en.wikipedia.org/wiki/Electric_car
2,/wiki/Electric_car,https://en.wikipedia.org/wiki/Electric_vehicle
2,/wiki/Electric_car,https://en.wikipedia.org/wiki/Hybrid_electric_vehicle
2,/wiki/Electric_car,https://en.wikipedia.org/wiki/Fuel_cell_vehicle
2,/wiki/Electric_car,https://en.wikipedia.org/wiki/Tesla_Model_S
2,/wiki/Electric_car,https://en.wikipedia.org/wiki/Tesla_Supercharger
2,/wiki/Electric_car,https://en.wikipedia.org/wiki/Nissan_Leaf
2,/wiki/Electric_car,https://en.wikipedia.org/wiki/Sustainable_energy
2,/wiki/Electric_car,https://en.wikipedia.org/wiki/Energy_conservation
2,/wiki/Electric_car,https://en.wikipedia.org/wiki/Cogeneration
2,/wiki/Electric_car,https://en.wikipedia.org/wiki/Efficient_energy_use
2,/wiki/Electric_car,https://en.wikipedia.org/wiki/Green_building
2,/wiki/Electric_car,https://en.wikipedia.org/wiki/Geothermal_heat_pump
2,/wiki/Electric_car,https://en.wikipedia.org/wiki/Low-carbon_power
2,/wiki/Electric_car,https://en.wikipedia.org/wiki/Microgeneration
2,/wiki/Electric_car,https://en.wikipedia.org/wiki/Passive_solar_building_design
2,/wiki/Electric_car,https://en.wikipedia.org/wiki/Renewable_energy
2,/wiki/Electric_car,https://en.wikipedia.org/wiki/Anaerobic_digestion
2,/wiki/Electric_car,https://en.wikipedia.org/wiki/Biofuel
2,/wiki/Electric_car,https://en.wikipedia.org/wiki/Geothermal_power
2,/wiki/Electric_car,https://en.wikipedia.org/wiki/Hydroelectricity
2,/wiki/Electric_car,https://en.wikipedia.org/wiki/Solar_energy
2,/wiki/Electric_car,https://en.wikipedia.org/wiki/Tidal_power
2,/wiki/Electric_car,https://en.wikipedia.org/wiki/Wave_power
2,/wiki/Electric_car,https://en.wikipedia.org/wiki/Wind_power
2,/wiki/Electric_car,https://en.wikipedia.org/wiki/Sustainable_transport
2,/wiki/Electric_car,https://en.wikipedia.org/wiki/Carbon-neutral_fuel
2,/wiki/Electric_car,https://en.wikipedia.org/wiki/Fossil_fuel_phase-out
2,/wiki/Electric_car,https://en.wikipedia.org/wiki/Green_vehicle
2,/wiki/Electric_car,https://en.wikipedia.org/wiki/Plug-in_hybrid
2,/wiki/Electric_car,https://en.wikipedia.org/wiki/Plug-in_electric_vehicle
2,/wiki/Electric_car,https://en.wikipedia.org/wiki/Electric_motor
2,/wiki/Electric_car,https://en.wikipedia.org/wiki/2000s_energy_crisis
2,/wiki/Electric_car,https://en.wikipedia.org/wiki/Government_incentives_for_plug-in_electric_vehicles
2,/wiki/Electric_car,https://en.wikipedia.org/wiki/All-electric_range
2,/wiki/Electric_car,https://en.wikipedia.org/wiki/Internal_combustion_engine
2,/wiki/Electric_car,https://en.wikipedia.org/wiki/Air_pollution
2,/wiki/Electric_car,https://en.wikipedia.org/wiki/Charging_station
2,/wiki/Electric_car,https://en.wikipedia.org/wiki/United_States_Environmental_Protection_Agency
2,/wiki/Electric_car,https://en.wikipedia.org/wiki/NASA
2,/wiki/Electric_car,https://en.wikipedia.org/wiki/Lunar_Roving_Vehicle
2,/wiki/Electric_car,https://en.wikipedia.org/wiki/Low-speed_vehicle
2,/wiki/Electric_car,https://en.wikipedia.org/wiki/Motorised_quadricycle
2,/wiki/Electric_car,https://en.wikipedia.org/wiki/Microcar
2,/wiki/Electric_car,https://en.wikipedia.org/wiki/City_car
2,/wiki/Electric_car,https://en.wikipedia.org/wiki/Solar_panel
2,/wiki/Electric_car,https://en.wikipedia.org/wiki/Solar_car
2,/wiki/Electric_car,https://en.wikipedia.org/wiki/Battery_electric_vehicle
2,/wiki/Electric_car,https://en.wikipedia.org/wiki/History_of_the_electric_vehicle
2,/wiki/Electric_car,https://en.wikipedia.org/wiki/Thomas_Parker_(inventor)
2,/wiki/Electric_car,https://en.wikipedia.org/wiki/General_Motors_EV1
2,/wiki/Electric_car,https://en.wikipedia.org/wiki/California_Air_Resources_Board
2,/wiki/Electric_car,https://en.wikipedia.org/wiki/Nickel%E2%80%93metal_hydride_battery
2,/wiki/Electric_car,https://en.wikipedia.org/wiki/Tesla_Roadster_(2008)
2,/wiki/Electric_car,https://en.wikipedia.org/wiki/Ford_Model_T
2,/wiki/Electric_car,https://en.wikipedia.org/wiki/London
2,/wiki/Electric_car,https://en.wikipedia.org/wiki/Andreas_Flocken
2,/wiki/Electric_car,https://en.wikipedia.org/wiki/Electrobat
2,/wiki/Electric_car,https://en.wikipedia.org/wiki/S.R._Bailey_%26_Co.
2,/wiki/Electric_car,https://en.wikipedia.org/wiki/Starter_(engine)
2,/wiki/Electric_car,https://en.wikipedia.org/wiki/Land_speed_record
2,/wiki/Electric_car,https://en.wikipedia.org/wiki/La_Jamais_Contente
2,/wiki/Electric_car,https://en.wikipedia.org/wiki/Camille_Jenatzy
2,/wiki/Electric_car,https://en.wikipedia.org/wiki/Zero-emissions_vehicle
2,/wiki/Electric_car,https://en.wikipedia.org/wiki/Chrysler_TEVan
2,/wiki/Electric_car,https://en.wikipedia.org/wiki/Ford_Ranger_EV
2,/wiki/Electric_car,https://en.wikipedia.org/wiki/Honda_EV_Plus
2,/wiki/Electric_car,https://en.wikipedia.org/wiki/Toyota_RAV4_EV
2,/wiki/Electric_car,https://en.wikipedia.org/wiki/Solectria_Force
2,/wiki/Electric_car,https://en.wikipedia.org/wiki/California
2,/wiki/Electric_car,https://en.wikipedia.org/wiki/Lithium-ion_battery
2,/wiki/Electric_car,https://en.wikipedia.org/wiki/Renault%E2%80%93Nissan%E2%80%93Mitsubishi_Alliance
2,/wiki/Electric_car,https://en.wikipedia.org/wiki/BYD_Auto
2,/wiki/Electric_car,https://en.wikipedia.org/wiki/BYD_e6
2,/wiki/Electric_car,https://en.wikipedia.org/wiki/Car_platform
2,/wiki/Electric_car,https://en.wikipedia.org/wiki/Environmental_aspects_of_the_electric_car
2,/wiki/Electric_car,https://en.wikipedia.org/wiki/Soot
2,/wiki/Electric_car,https://en.wikipedia.org/wiki/Volatile_organic_compound
2,/wiki/Electric_car,https://en.wikipedia.org/wiki/Hydrocarbon
2,/wiki/Electric_car,https://en.wikipedia.org/wiki/Carbon_monoxide
2,/wiki/Electric_car,https://en.wikipedia.org/wiki/Ozone
2,/wiki/Electric_car,https://en.wikipedia.org/wiki/Lead
2,/wiki/Electric_car,https://en.wikipedia.org/wiki/NOx
2,/wiki/Electric_car,https://en.wikipedia.org/wiki/Electricity_generation
2,/wiki/Electric_car,https://en.wikipedia.org/wiki/The_long_tailpipe
2,/wiki/Electric_car,https://en.wikipedia.org/wiki/Emission_intensity
2,/wiki/Electric_car,https://en.wikipedia.org/wiki/Mains_electricity
2,/wiki/Electric_car,https://en.wikipedia.org/wiki/Rimac_Concept_One
2,/wiki/Electric_car,https://en.wikipedia.org/wiki/Power-to-weight_ratio
2,/wiki/Electric_car,https://en.wikipedia.org/wiki/Horsepower
2,/wiki/Electric_car,https://en.wikipedia.org/wiki/Power_(physics)
2,/wiki/Electric_car,https://en.wikipedia.org/wiki/Traction_(engineering)
2,/wiki/Electric_car,https://en.wikipedia.org/wiki/Axle
2,/wiki/Electric_car,https://en.wikipedia.org/wiki/Transmission_(mechanics)
2,/wiki/Electric_car,https://en.wikipedia.org/wiki/Supercar
2,/wiki/Electric_car,https://en.wikipedia.org/wiki/DC_motor
2,/wiki/Electric_car,https://en.wikipedia.org/wiki/Manual_transmission
2,/wiki/Electric_car,https://en.wikipedia.org/wiki/Porsche_918_Spyder
2,/wiki/Electric_car,https://en.wikipedia.org/wiki/Electric_car_energy_efficiency
2,/wiki/Electric_car,https://en.wikipedia.org/wiki/Carnot%27s_theorem_(thermodynamics)
2,/wiki/Electric_car,https://en.wikipedia.org/wiki/Diesel_engine
2,/wiki/Electric_car,https://en.wikipedia.org/wiki/Electric_vehicle_conversion
2,/wiki/Electric_car,https://en.wikipedia.org/wiki/Energy_conversion_efficiency
2,/wiki/Electric_car,https://en.wikipedia.org/wiki/Heat_pump
2,/wiki/Electric_car,https://en.wikipedia.org/wiki/Gasoline
2,/wiki/Electric_car,https://en.wikipedia.org/wiki/Solar_power
2,/wiki/Electric_car,https://en.wikipedia.org/wiki/Tesla_Model_X
2,/wiki/Electric_car,https://en.wikipedia.org/wiki/International_Organization_for_Standardization
2,/wiki/Electric_car,https://en.wikipedia.org/wiki/Plug-in_electric_vehicle_fire_incidents
2,/wiki/Electric_car,https://en.wikipedia.org/wiki/Vehicle_fire
2,/wiki/Electric_car,https://en.wikipedia.org/wiki/Shenzhen
2,/wiki/Electric_car,https://en.wikipedia.org/wiki/Kent|_Washington
2,/wiki/Electric_car,https://en.wikipedia.org/wiki/Murfreesboro|_Tennessee
2,/wiki/Electric_car,https://en.wikipedia.org/wiki/Firefighter
2,/wiki/Electric_car,https://en.wikipedia.org/wiki/Certified_first_responder
2,/wiki/Electric_car,https://en.wikipedia.org/wiki/Chevrolet_Volt
2,/wiki/Electric_car,https://en.wikipedia.org/wiki/Insurance_Institute_for_Highway_Safety
2,/wiki/Electric_car,https://en.wikipedia.org/wiki/Neighborhood_Electric_Vehicle
2,/wiki/Electric_car,https://en.wikipedia.org/wiki/Uniti_(car)
2,/wiki/Electric_car,https://en.wikipedia.org/wiki/Electric_vehicle_warning_sounds
2,/wiki/Electric_car,https://en.wikipedia.org/wiki/Roadway_noise
2,/wiki/Electric_car,https://en.wikipedia.org/wiki/Visual_impairment
2,/wiki/Electric_car,https://en.wikipedia.org/wiki/Hybrid_vehicle
2,/wiki/Electric_car,https://en.wikipedia.org/wiki/Government_of_Japan
2,/wiki/Electric_car,https://en.wikipedia.org/wiki/European_Parliament
2,/wiki/Electric_car,https://en.wikipedia.org/wiki/Volkswagen
2,/wiki/Electric_car,https://en.wikipedia.org/wiki/BMW
2,/wiki/Electric_car,https://en.wikipedia.org/wiki/Noise_pollution
2,/wiki/Electric_car,https://en.wikipedia.org/wiki/Automatic_transmission
2,/wiki/Electric_car,https://en.wikipedia.org/wiki/Parking_pawl
2,/wiki/Electric_car,https://en.wikipedia.org/wiki/Engine_braking
2,/wiki/Electric_car,https://en.wikipedia.org/wiki/Regenerative_brake
2,/wiki/Electric_car,https://en.wikipedia.org/wiki/Electric_vehicle_battery
2,/wiki/Electric_car,https://en.wikipedia.org/wiki/List_of_electric_cars_currently_available
2,/wiki/Electric_car,https://en.wikipedia.org/wiki/Model_year
2,/wiki/Electric_car,https://en.wikipedia.org/wiki/Renault_Twizy
2,/wiki/Electric_car,https://en.wikipedia.org/wiki/Roadside_assistance
2,/wiki/Electric_car,https://en.wikipedia.org/wiki/Tejon|_California
2,/wiki/Electric_car,https://en.wikipedia.org/wiki/BMW_i3
2,/wiki/Electric_car,https://en.wikipedia.org/wiki/Salar_de_Uyuni
2,/wiki/Electric_car,https://en.wikipedia.org/wiki/Bolivia
2,/wiki/Electric_car,https://en.wikipedia.org/wiki/Lithium
2,/wiki/Electric_car,https://en.wikipedia.org/wiki/Rare-earth_element
2,/wiki/Electric_car,https://en.wikipedia.org/wiki/Neodymium
2,/wiki/Electric_car,https://en.wikipedia.org/wiki/Boron
2,/wiki/Electric_car,https://en.wikipedia.org/wiki/Cobalt
2,/wiki/Electric_car,https://en.wikipedia.org/wiki/Strategic_material
2,/wiki/Electric_car,https://en.wikipedia.org/wiki/Flywheel_energy_storage
2,/wiki/Electric_car,https://en.wikipedia.org/wiki/F%C3%A9d%C3%A9ration_Internationale_de_l%27Automobile
2,/wiki/Electric_car,https://en.wikipedia.org/wiki/Formula_One
2,/wiki/Electric_car,https://en.wikipedia.org/wiki/Solar_vehicle
2,/wiki/Electric_car,https://en.wikipedia.org/wiki/Rio_de_Janeiro
2,/wiki/Electric_car,https://en.wikipedia.org/wiki/Brazil
2,/wiki/Electric_car,https://en.wikipedia.org/wiki/Petrobras
2,/wiki/Electric_car,https://en.wikipedia.org/wiki/Nuclear_power
2,/wiki/Electric_car,https://en.wikipedia.org/wiki/Micro_hydro
2,/wiki/Electric_car,https://en.wikipedia.org/wiki/Global_warming
2,/wiki/Electric_car,https://en.wikipedia.org/wiki/SAE_J1772
2,/wiki/Electric_car,https://en.wikipedia.org/wiki/European_Automobile_Manufacturers_Association
2,/wiki/Electric_car,https://en.wikipedia.org/wiki/Delco_Electronics
2,/wiki/Electric_car,https://en.wikipedia.org/wiki/Magne_Charge
2,/wiki/Electric_car,https://en.wikipedia.org/wiki/Chevrolet_S-10_EV
2,/wiki/Electric_car,https://en.wikipedia.org/wiki/Vehicle-to-grid
2,/wiki/Electric_car,https://en.wikipedia.org/wiki/United_States_energy_independence
2,/wiki/Electric_car,https://en.wikipedia.org/wiki/Supply_(economics)
2,/wiki/Electric_car,https://en.wikipedia.org/wiki/Energy_security
2,/wiki/Electric_car,https://en.wikipedia.org/wiki/Africa
2,/wiki/Electric_car,https://en.wikipedia.org/wiki/Balance_of_payments
2,/wiki/Electric_car,https://en.wikipedia.org/wiki/List_of_production_battery_electric_vehicles
2,/wiki/Electric_car,https://en.wikipedia.org/wiki/List_of_modern_production_plug-in_electric_vehicles
2,/wiki/Electric_car,https://en.wikipedia.org/wiki/Mitsubishi_Motors
2,/wiki/Electric_car,https://en.wikipedia.org/wiki/Tesla|_Inc.
2,/wiki/Electric_car,https://en.wikipedia.org/wiki/Renault_Zoe
2,/wiki/Electric_car,https://en.wikipedia.org/wiki/Electric_car_use_by_country
2,/wiki/Electric_car,https://en.wikipedia.org/wiki/Plug-in_electric_vehicles_in_the_United_States
2,/wiki/Electric_car,https://en.wikipedia.org/wiki/New_energy_vehicles_in_China
2,/wiki/Electric_car,https://en.wikipedia.org/wiki/Plug-in_electric_vehicles_in_Japan
2,/wiki/Electric_car,https://en.wikipedia.org/wiki/Plug-in_electric_vehicles_in_Europe
2,/wiki/Electric_car,https://en.wikipedia.org/wiki/Plug-in_electric_vehicles_in_Norway
2,/wiki/Electric_car,https://en.wikipedia.org/wiki/Plug-in_electric_vehicles_in_France
2,/wiki/Electric_car,https://en.wikipedia.org/wiki/Plug-in_electric_vehicles_in_Germany
2,/wiki/Electric_car,https://en.wikipedia.org/wiki/Plug-in_electric_vehicles_in_Canada
2,/wiki/Electric_car,https://en.wikipedia.org/wiki/Plug-in_electric_vehicles_in_the_United_Kingdom
2,/wiki/Electric_car,https://en.wikipedia.org/wiki/Plug-in_electric_vehicles_in_Sweden
2,/wiki/Electric_car,https://en.wikipedia.org/wiki/Alternative_fuel_vehicle
2,/wiki/Electric_car,https://en.wikipedia.org/wiki/Electric_boat
2,/wiki/Electric_car,https://en.wikipedia.org/wiki/Electric_bus
2,/wiki/Electric_car,https://en.wikipedia.org/wiki/Electric_motorcycles_and_scooters
2,/wiki/Electric_car,https://en.wikipedia.org/wiki/Electric_motorsport
2,/wiki/Electric_car,https://en.wikipedia.org/wiki/Nissan
2,/wiki/Electric_car,https://en.wikipedia.org/wiki/International_Standard_Book_Number
2,/wiki/Electric_car,https://en.wikipedia.org/wiki/David_B._Sandalow
2,/wiki/Electric_car,https://en.wikipedia.org/wiki/International_Standard_Serial_Number
2,/wiki/Electric_car,https://en.wikipedia.org/wiki/Digital_object_identifier
2,/wiki/Electric_car,https://en.wikipedia.org/wiki/Forbes
2,/wiki/Electric_car,https://en.wikipedia.org/wiki/Who_Killed_the_Electric_Car%3F
2,/wiki/Electric_car,https://en.wikipedia.org/wiki/Financial_Times
2,/wiki/Electric_car,https://en.wikipedia.org/wiki/Japan_Automobile_Manufacturers_Association
2,/wiki/Electric_car,https://en.wikipedia.org/wiki/The_New_York_Times
2,/wiki/Electric_car,https://en.wikipedia.org/wiki/The_Wall_Street_Journal
2,/wiki/Electric_car,https://en.wikipedia.org/wiki/USA_Today
2,/wiki/Electric_car,https://en.wikipedia.org/wiki/The_Detroit_News
2,/wiki/Electric_car,https://en.wikipedia.org/wiki/European_Commission
2,/wiki/Electric_car,https://en.wikipedia.org/wiki/Automotive_News
2,/wiki/Electric_car,https://en.wikipedia.org/wiki/CNET
2,/wiki/Electric_car,https://en.wikipedia.org/wiki/Discover_(magazine)
2,/wiki/Electric_car,https://en.wikipedia.org/wiki/Chelsea_Sexton
2,/wiki/Electric_car,https://en.wikipedia.org/wiki/Mongabay
2,/wiki/Electric_car,https://en.wikipedia.org/wiki/African_Development_Bank
2,/wiki/Electric_car,https://en.wikipedia.org/wiki/International_Energy_Agency
2,/wiki/Electric_car,https://en.wikipedia.org/wiki/Mexico_City
2,/wiki/Electric_car,https://en.wikipedia.org/wiki/Detroit
2,/wiki/Electric_car,https://en.wikipedia.org/wiki/Munich
2,/wiki/Electric_car,https://en.wikipedia.org/wiki/Argonne_National_Laboratory
2,/wiki/Electric_car,https://en.wikipedia.org/wiki/United_States_Department_of_Energy
2,/wiki/Electric_car,https://en.wikipedia.org/wiki/Bloomberg_News
2,/wiki/Electric_car,https://en.wikipedia.org/wiki/The_Guardian
2,/wiki/Electric_car,https://en.wikipedia.org/wiki/International_Council_on_Clean_Transportation
2,/wiki/Electric_car,https://en.wikipedia.org/wiki/Pneumatic_motor
2,/wiki/Electric_car,https://en.wikipedia.org/wiki/Compressed_air_car
2,/wiki/Electric_car,https://en.wikipedia.org/wiki/Compressed-air_vehicle
2,/wiki/Electric_car,https://en.wikipedia.org/wiki/Tesla_turbine
2,/wiki/Electric_car,https://en.wikipedia.org/wiki/Cater_MetroTrolley
2,/wiki/Electric_car,https://en.wikipedia.org/wiki/Electric_aircraft
2,/wiki/Electric_car,https://en.wikipedia.org/wiki/Electric_bicycle
2,/wiki/Electric_car,https://en.wikipedia.org/wiki/Pedelec
2,/wiki/Electric_car,https://en.wikipedia.org/wiki/Battery_electric_bus
2,/wiki/Electric_car,https://en.wikipedia.org/wiki/Electric_truck
2,/wiki/Electric_car,https://en.wikipedia.org/wiki/Electric_platform_truck
2,/wiki/Electric_car,https://en.wikipedia.org/wiki/Hybrid_train
2,/wiki/Electric_car,https://en.wikipedia.org/wiki/Motorized_bicycle
2,/wiki/Electric_car,https://en.wikipedia.org/wiki/Solar_bus
2,/wiki/Electric_car,https://en.wikipedia.org/wiki/Alcohol_fuel
2,/wiki/Electric_car,https://en.wikipedia.org/wiki/Biodiesel
2,/wiki/Electric_car,https://en.wikipedia.org/wiki/Biogas
2,/wiki/Electric_car,https://en.wikipedia.org/wiki/Butanol_fuel
2,/wiki/Electric_car,https://en.wikipedia.org/wiki/Common_ethanol_fuel_mixtures
2,/wiki/Electric_car,https://en.wikipedia.org/wiki/E85
2,/wiki/Electric_car,https://en.wikipedia.org/wiki/Ethanol_fuel
2,/wiki/Electric_car,https://en.wikipedia.org/wiki/Flexible-fuel_vehicle
2,/wiki/Electric_car,https://en.wikipedia.org/wiki/Methanol_economy
2,/wiki/Electric_car,https://en.wikipedia.org/wiki/Methanol_fuel
2,/wiki/Electric_car,https://en.wikipedia.org/wiki/Wood_gas
2,/wiki/Electric_car,https://en.wikipedia.org/wiki/Hydrogen
2,/wiki/Electric_car,https://en.wikipedia.org/wiki/Hydrogen_economy
2,/wiki/Electric_car,https://en.wikipedia.org/wiki/Hydrogen_vehicle
2,/wiki/Electric_car,https://en.wikipedia.org/wiki/Hydrogen_internal_combustion_engine_vehicle
2,/wiki/Electric_car,https://en.wikipedia.org/wiki/Autogas
2,/wiki/Electric_car,https://en.wikipedia.org/wiki/Liquid_nitrogen_engine
2,/wiki/Electric_car,https://en.wikipedia.org/wiki/Natural_gas_vehicle
2,/wiki/Electric_car,https://en.wikipedia.org/wiki/Propane
2,/wiki/Electric_car,https://en.wikipedia.org/wiki/Steam_car
2,/wiki/Electric_car,https://en.wikipedia.org/wiki/Bi-fuel_vehicle
2,/wiki/Electric_car,https://en.wikipedia.org/wiki/Multifuel
2,/wiki/Electric_car,https://en.wikipedia.org/wiki/What_Is_the_Electric_Car%3F
2,/wiki/Electric_car,https://en.wikipedia.org/wiki/Revenge_of_the_Electric_Car
2,/wiki/Electric_car,https://en.wikipedia.org/wiki/Wind-powered_vehicle
2,/wiki/Electric_car,https://en.wikipedia.org/wiki/Car
2,/wiki/Electric_car,https://en.wikipedia.org/wiki/Car_classification
2,/wiki/Electric_car,https://en.wikipedia.org/wiki/Kei_car
2,/wiki/Electric_car,https://en.wikipedia.org/wiki/Subcompact_car
2,/wiki/Electric_car,https://en.wikipedia.org/wiki/Supermini
2,/wiki/Electric_car,https://en.wikipedia.org/wiki/Family_car
2,/wiki/Electric_car,https://en.wikipedia.org/wiki/Compact_car
2,/wiki/Electric_car,https://en.wikipedia.org/wiki/Mid-size_car
2,/wiki/Electric_car,https://en.wikipedia.org/wiki/Full-size_car
2,/wiki/Electric_car,https://en.wikipedia.org/wiki/Custom_car
2,/wiki/Electric_car,https://en.wikipedia.org/wiki/Hot_rod
2,/wiki/Electric_car,https://en.wikipedia.org/wiki/Lead_sled
2,/wiki/Electric_car,https://en.wikipedia.org/wiki/Lowrider
2,/wiki/Electric_car,https://en.wikipedia.org/wiki/T-bucket
2,/wiki/Electric_car,https://en.wikipedia.org/wiki/Luxury_vehicle
2,/wiki/Electric_car,https://en.wikipedia.org/wiki/Compact_executive_car
2,/wiki/Electric_car,https://en.wikipedia.org/wiki/Executive_car
2,/wiki/Electric_car,https://en.wikipedia.org/wiki/Personal_luxury_car
2,/wiki/Electric_car,https://en.wikipedia.org/wiki/Minivan
2,/wiki/Electric_car,https://en.wikipedia.org/wiki/Compact_MPV
2,/wiki/Electric_car,https://en.wikipedia.org/wiki/Mini_MPV
2,/wiki/Electric_car,https://en.wikipedia.org/wiki/Sport_utility_vehicle
2,/wiki/Electric_car,https://en.wikipedia.org/wiki/Compact_sport_utility_vehicle
2,/wiki/Electric_car,https://en.wikipedia.org/wiki/Crossover_(automobile)
2,/wiki/Electric_car,https://en.wikipedia.org/wiki/Mini_sport_utility_vehicle
2,/wiki/Electric_car,https://en.wikipedia.org/wiki/Sports_car
2,/wiki/Electric_car,https://en.wikipedia.org/wiki/Grand_tourer
2,/wiki/Electric_car,https://en.wikipedia.org/wiki/Hot_hatch
2,/wiki/Electric_car,https://en.wikipedia.org/wiki/Muscle_car
2,/wiki/Electric_car,https://en.wikipedia.org/wiki/Pony_car
2,/wiki/Electric_car,https://en.wikipedia.org/wiki/Sport_compact
2,/wiki/Electric_car,https://en.wikipedia.org/wiki/Antique_car
2,/wiki/Electric_car,https://en.wikipedia.org/wiki/Classic_car
2,/wiki/Electric_car,https://en.wikipedia.org/wiki/Economy_car
2,/wiki/Electric_car,https://en.wikipedia.org/wiki/Ute_(vehicle)
2,/wiki/Electric_car,https://en.wikipedia.org/wiki/Van
2,/wiki/Electric_car,https://en.wikipedia.org/wiki/Voiturette
2,/wiki/Electric_car,https://en.wikipedia.org/wiki/2%2B2_(car_body_style)
2,/wiki/Electric_car,https://en.wikipedia.org/wiki/Baquet_(car_body_style)
2,/wiki/Electric_car,https://en.wikipedia.org/wiki/Barchetta
2,/wiki/Electric_car,https://en.wikipedia.org/wiki/Berlinetta
2,/wiki/Electric_car,https://en.wikipedia.org/wiki/Brougham_(car_body)
2,/wiki/Electric_car,https://en.wikipedia.org/wiki/Cabrio_coach
2,/wiki/Electric_car,https://en.wikipedia.org/wiki/Convertible
2,/wiki/Electric_car,https://en.wikipedia.org/wiki/Coup%C3%A9
2,/wiki/Electric_car,https://en.wikipedia.org/wiki/Coupe_de_Ville
2,/wiki/Electric_car,https://en.wikipedia.org/wiki/Coup%C3%A9_utility
2,/wiki/Electric_car,https://en.wikipedia.org/wiki/Fastback
2,/wiki/Electric_car,https://en.wikipedia.org/wiki/Hardtop
2,/wiki/Electric_car,https://en.wikipedia.org/wiki/Hatchback
2,/wiki/Electric_car,https://en.wikipedia.org/wiki/Landaulet_(car)
2,/wiki/Electric_car,https://en.wikipedia.org/wiki/Limousine
2,/wiki/Electric_car,https://en.wikipedia.org/wiki/Multi-stop_truck
2,/wiki/Electric_car,https://en.wikipedia.org/wiki/Notchback
2,/wiki/Electric_car,https://en.wikipedia.org/wiki/Panel_van
2,/wiki/Electric_car,https://en.wikipedia.org/wiki/Phaeton_body
2,/wiki/Electric_car,https://en.wikipedia.org/wiki/Pickup_truck
2,/wiki/Electric_car,https://en.wikipedia.org/wiki/Quad_coup%C3%A9
2,/wiki/Electric_car,https://en.wikipedia.org/wiki/Roadster_(automobile)
2,/wiki/Electric_car,https://en.wikipedia.org/wiki/Runabout_(car)
2,/wiki/Electric_car,https://en.wikipedia.org/wiki/Sedan_(automobile)
2,/wiki/Electric_car,https://en.wikipedia.org/wiki/Shooting-brake
2,/wiki/Electric_car,https://en.wikipedia.org/wiki/Station_wagon
2,/wiki/Electric_car,https://en.wikipedia.org/wiki/Targa_top
2,/wiki/Electric_car,https://en.wikipedia.org/wiki/Torpedo_(car)
2,/wiki/Electric_car,https://en.wikipedia.org/wiki/Touring_car
2,/wiki/Electric_car,https://en.wikipedia.org/wiki/T-top
2,/wiki/Electric_car,https://en.wikipedia.org/wiki/Vis-%C3%A0-vis_(carriage)
2,/wiki/Electric_car,https://en.wikipedia.org/wiki/Amphibious_vehicle
2,/wiki/Electric_car,https://en.wikipedia.org/wiki/Connected_car
2,/wiki/Electric_car,https://en.wikipedia.org/wiki/Hearse
2,/wiki/Electric_car,https://en.wikipedia.org/wiki/Gyrocar
2,/wiki/Electric_car,https://en.wikipedia.org/wiki/Roadable_aircraft
2,/wiki/Electric_car,https://en.wikipedia.org/wiki/Taxicab
2,/wiki/Electric_car,https://en.wikipedia.org/wiki/Tow_truck
2,/wiki/Electric_car,https://en.wikipedia.org/wiki/Ground_propulsion
2,/wiki/Electric_car,https://en.wikipedia.org/wiki/Fuel_cell
2,/wiki/Electric_car,https://en.wikipedia.org/wiki/Petrol_engine
2,/wiki/Electric_car,https://en.wikipedia.org/wiki/Gasoline_direct_injection
2,/wiki/Electric_car,https://en.wikipedia.org/wiki/Homogeneous_charge_compression_ignition
2,/wiki/Electric_car,https://en.wikipedia.org/wiki/Drive_wheel
2,/wiki/Electric_car,https://en.wikipedia.org/wiki/Front-wheel_drive
2,/wiki/Electric_car,https://en.wikipedia.org/wiki/Two-wheel_drive
2,/wiki/Electric_car,https://en.wikipedia.org/wiki/Four-wheel_drive
2,/wiki/Electric_car,https://en.wikipedia.org/wiki/Six-wheel_drive
2,/wiki/Electric_car,https://en.wikipedia.org/wiki/Eight-wheel_drive
2,/wiki/Electric_car,https://en.wikipedia.org/wiki/Ten-wheel_drive
2,/wiki/Electric_car,https://en.wikipedia.org/wiki/Twelve-wheel_drive
2,/wiki/Electric_car,https://en.wikipedia.org/wiki/Automobile_layout
2,/wiki/Electric_car,https://en.wikipedia.org/wiki/Front-engine|_front-wheel-drive_layout
2,/wiki/Electric_car,https://en.wikipedia.org/wiki/Mid-engine_design
2,/wiki/Electric_car,https://en.wikipedia.org/wiki/Rear-engine_design
2,/wiki/Electric_car,https://en.wikipedia.org/wiki/Front_mid-engine|_front-wheel-drive_layout
2,/wiki/Electric_car,https://en.wikipedia.org/wiki/Rear-engine|_front-wheel-drive_layout
2,/wiki/Electric_car,https://en.wikipedia.org/wiki/Front-engine|_rear-wheel-drive_layout
2,/wiki/Electric_car,https://en.wikipedia.org/wiki/Rear_mid-engine|_rear-wheel-drive_layout
2,/wiki/Electric_car,https://en.wikipedia.org/wiki/Rear-engine|_rear-wheel-drive_layout
2,/wiki/Electric_car,https://en.wikipedia.org/wiki/Front-engine|_four-wheel-drive_layout
2,/wiki/Electric_car,https://en.wikipedia.org/wiki/Mid-engine|_four-wheel-drive_layout
2,/wiki/Electric_car,https://en.wikipedia.org/wiki/Rear-engine|_four-wheel-drive_layout
2,/wiki/Electric_car,https://en.wikipedia.org/wiki/Engine_configuration
2,/wiki/Electric_car,https://en.wikipedia.org/wiki/Flat_engine
2,/wiki/Electric_car,https://en.wikipedia.org/wiki/Four-stroke_engine
2,/wiki/Electric_car,https://en.wikipedia.org/wiki/H_engine
2,/wiki/Electric_car,https://en.wikipedia.org/wiki/Reciprocating_engine
2,/wiki/Electric_car,https://en.wikipedia.org/wiki/Single-cylinder_engine
2,/wiki/Electric_car,https://en.wikipedia.org/wiki/Straight_engine
2,/wiki/Electric_car,https://en.wikipedia.org/wiki/Two-stroke_engine
2,/wiki/Electric_car,https://en.wikipedia.org/wiki/V_engine
2,/wiki/Electric_car,https://en.wikipedia.org/wiki/W_engine
2,/wiki/Electric_car,https://en.wikipedia.org/wiki/Wankel_engine
2,/wiki/Electric_car,https://en.wikipedia.org/wiki/List_of_renewable_energy_topics_by_country
2,/wiki/Electric_car,https://en.wikipedia.org/wiki/Renewable_energy_in_Africa
2,/wiki/Electric_car,https://en.wikipedia.org/wiki/Renewable_energy_in_Ethiopia
2,/wiki/Electric_car,https://en.wikipedia.org/wiki/Renewable_energy_in_Kenya
2,/wiki/Electric_car,https://en.wikipedia.org/wiki/Renewable_energy_in_Morocco
2,/wiki/Electric_car,https://en.wikipedia.org/wiki/Renewable_energy_in_Seychelles
2,/wiki/Electric_car,https://en.wikipedia.org/wiki/Renewable_energy_in_Asia
2,/wiki/Electric_car,https://en.wikipedia.org/wiki/Renewable_energy_in_Afghanistan
2,/wiki/Electric_car,https://en.wikipedia.org/wiki/Renewable_energy_in_Armenia
2,/wiki/Electric_car,https://en.wikipedia.org/wiki/Renewable_energy_in_Bangladesh
2,/wiki/Electric_car,https://en.wikipedia.org/wiki/Renewable_energy_in_Bhutan
2,/wiki/Electric_car,https://en.wikipedia.org/wiki/Renewable_energy_in_China
2,/wiki/Electric_car,https://en.wikipedia.org/wiki/Renewable_energy_in_India
2,/wiki/Electric_car,https://en.wikipedia.org/wiki/Renewable_energy_in_Kazakhstan
2,/wiki/Electric_car,https://en.wikipedia.org/wiki/Renewable_energy_in_Nepal
2,/wiki/Electric_car,https://en.wikipedia.org/wiki/Renewable_energy_in_Pakistan
2,/wiki/Electric_car,https://en.wikipedia.org/wiki/Renewable_energy_in_Palestine
2,/wiki/Electric_car,https://en.wikipedia.org/wiki/Renewable_energy_in_the_Philippines
2,/wiki/Electric_car,https://en.wikipedia.org/wiki/Renewable_energy_in_Taiwan
2,/wiki/Electric_car,https://en.wikipedia.org/wiki/Renewable_energy_in_Thailand
2,/wiki/Electric_car,https://en.wikipedia.org/wiki/Renewable_energy_in_Vietnam
2,/wiki/Electric_car,https://en.wikipedia.org/wiki/Renewable_energy_in_the_European_Union
2,/wiki/Electric_car,https://en.wikipedia.org/wiki/Renewable_energy_in_the_Czech_Republic
2,/wiki/Electric_car,https://en.wikipedia.org/wiki/Renewable_energy_in_Denmark
2,/wiki/Electric_car,https://en.wikipedia.org/wiki/Renewable_energy_in_Finland
2,/wiki/Electric_car,https://en.wikipedia.org/wiki/Renewable_energy_in_France
2,/wiki/Electric_car,https://en.wikipedia.org/wiki/Renewable_energy_in_Germany
2,/wiki/Electric_car,https://en.wikipedia.org/wiki/Renewable_energy_in_Greece
2,/wiki/Electric_car,https://en.wikipedia.org/wiki/Renewable_energy_in_Hungary
2,/wiki/Electric_car,https://en.wikipedia.org/wiki/Renewable_energy_in_the_Republic_of_Ireland
2,/wiki/Electric_car,https://en.wikipedia.org/wiki/Renewable_energy_in_Italy
2,/wiki/Electric_car,https://en.wikipedia.org/wiki/Renewable_energy_in_Lithuania
2,/wiki/Electric_car,https://en.wikipedia.org/wiki/Renewable_energy_in_Luxembourg
2,/wiki/Electric_car,https://en.wikipedia.org/wiki/Renewable_energy_in_the_Netherlands
2,/wiki/Electric_car,https://en.wikipedia.org/wiki/Renewable_energy_in_Portugal
2,/wiki/Electric_car,https://en.wikipedia.org/wiki/Renewable_energy_in_Spain
2,/wiki/Electric_car,https://en.wikipedia.org/wiki/Renewable_energy_in_the_United_Kingdom
2,/wiki/Electric_car,https://en.wikipedia.org/wiki/Renewable_energy_in_Albania
2,/wiki/Electric_car,https://en.wikipedia.org/wiki/Renewable_energy_in_Iceland
2,/wiki/Electric_car,https://en.wikipedia.org/wiki/Renewable_energy_in_Norway
2,/wiki/Electric_car,https://en.wikipedia.org/wiki/Renewable_energy_in_Russia
2,/wiki/Electric_car,https://en.wikipedia.org/wiki/Renewable_energy_in_Turkey
2,/wiki/Electric_car,https://en.wikipedia.org/wiki/Renewable_energy_in_Canada
2,/wiki/Electric_car,https://en.wikipedia.org/wiki/Renewable_energy_in_Costa_Rica
2,/wiki/Electric_car,https://en.wikipedia.org/wiki/Renewable_energy_in_Honduras
2,/wiki/Electric_car,https://en.wikipedia.org/wiki/Renewable_energy_in_Mexico
2,/wiki/Electric_car,https://en.wikipedia.org/wiki/Renewable_energy_in_the_United_States
2,/wiki/Electric_car,https://en.wikipedia.org/wiki/Renewable_energy_in_Australia
2,/wiki/Electric_car,https://en.wikipedia.org/wiki/Renewable_energy_in_New_Zealand
2,/wiki/Electric_car,https://en.wikipedia.org/wiki/Renewable_energy_in_Tuvalu
2,/wiki/Electric_car,https://en.wikipedia.org/wiki/Renewable_energy_in_Brazil
2,/wiki/Electric_car,https://en.wikipedia.org/wiki/Renewable_energy_in_Chile
2,/wiki/Electric_car,https://en.wikipedia.org/wiki/Renewable_energy_in_Colombia
2,/wiki/Electric_car,https://en.wikipedia.org/wiki/Integrated_Authority_File
2,/wiki/Electric_car,https://en.wikipedia.org/wiki/National_Diet_Library
3,/wiki/Electric_vehicle,https://en.wikipedia.org/wiki/Tesla_Semi
3,/wiki/Electric_vehicle,https://en.wikipedia.org/wiki/Maglev
3,/wiki/Electric_vehicle,https://en.wikipedia.org/wiki/Trolleybus
3,/wiki/Electric_vehicle,https://en.wikipedia.org/wiki/S%C3%A3o_Paulo
3,/wiki/Electric_vehicle,https://en.wikipedia.org/wiki/Tesla_Model_3
3,/wiki/Electric_vehicle,https://en.wikipedia.org/wiki/BYD_K9
3,/wiki/Electric_vehicle,https://en.wikipedia.org/wiki/Lithium_iron_phosphate_battery
3,/wiki/Electric_vehicle,https://en.wikipedia.org/wiki/Electric_locomotive
3,/wiki/Electric_vehicle,https://en.wikipedia.org/wiki/Shatabdi_Express
3,/wiki/Electric_vehicle,https://en.wikipedia.org/wiki/Solar_Impulse
3,/wiki/Electric_vehicle,https://en.wikipedia.org/wiki/Maring%C3%A1
3,/wiki/Electric_vehicle,https://en.wikipedia.org/wiki/Traction_motor
3,/wiki/Electric_vehicle,https://en.wikipedia.org/wiki/Electric_generator
3,/wiki/Electric_vehicle,https://en.wikipedia.org/wiki/Electrically_powered_spacecraft_propulsion
3,/wiki/Electric_vehicle,https://en.wikipedia.org/wiki/Thomas_Edison
3,/wiki/Electric_vehicle,https://en.wikipedia.org/wiki/Detroit_Electric
3,/wiki/Electric_vehicle,https://en.wikipedia.org/wiki/National_Museum_of_American_History
3,/wiki/Electric_vehicle,https://en.wikipedia.org/wiki/%C3%81nyos_Jedlik
3,/wiki/Electric_vehicle,https://en.wikipedia.org/wiki/Thomas_Davenport_(inventor)
3,/wiki/Electric_vehicle,https://en.wikipedia.org/wiki/Robert_Davidson_(inventor)
3,/wiki/Electric_vehicle,https://en.wikipedia.org/wiki/Robert_Anderson_(inventor)
3,/wiki/Electric_vehicle,https://en.wikipedia.org/wiki/Scotland
3,/wiki/Electric_vehicle,https://en.wikipedia.org/wiki/Primary_cell
3,/wiki/Electric_vehicle,https://en.wikipedia.org/wiki/Ambulance
3,/wiki/Electric_vehicle,https://en.wikipedia.org/wiki/Milk_float
3,/wiki/Electric_vehicle,https://en.wikipedia.org/wiki/Coal
3,/wiki/Electric_vehicle,https://en.wikipedia.org/wiki/Oxygen
3,/wiki/Electric_vehicle,https://en.wikipedia.org/wiki/Rail_transport_in_Switzerland
3,/wiki/Electric_vehicle,https://en.wikipedia.org/wiki/Woodrow_Wilson
3,/wiki/Electric_vehicle,https://en.wikipedia.org/wiki/Auto_trail
3,/wiki/Electric_vehicle,https://en.wikipedia.org/wiki/Muffler
3,/wiki/Electric_vehicle,https://en.wikipedia.org/wiki/Hiram_Percy_Maxim
3,/wiki/Electric_vehicle,https://en.wikipedia.org/wiki/Assembly_line
3,/wiki/Electric_vehicle,https://en.wikipedia.org/wiki/Henry_Ford
3,/wiki/Electric_vehicle,https://en.wikipedia.org/wiki/National_City_Lines
3,/wiki/Electric_vehicle,https://en.wikipedia.org/wiki/General_Motors
3,/wiki/Electric_vehicle,https://en.wikipedia.org/wiki/Firestone_Tire_and_Rubber_Company
3,/wiki/Electric_vehicle,https://en.wikipedia.org/wiki/Tram
3,/wiki/Electric_vehicle,https://en.wikipedia.org/wiki/General_Motors_streetcar_conspiracy
3,/wiki/Electric_vehicle,https://en.wikipedia.org/wiki/Seattle
3,/wiki/Electric_vehicle,https://en.wikipedia.org/wiki/AMC_Gremlin
3,/wiki/Electric_vehicle,https://en.wikipedia.org/wiki/Sony_Pictures_Classics
3,/wiki/Electric_vehicle,https://en.wikipedia.org/wiki/Federal_government_of_the_United_States
3,/wiki/Electric_vehicle,https://en.wikipedia.org/wiki/Consumer
3,/wiki/Electric_vehicle,https://en.wikipedia.org/wiki/Ford_Ecostar
3,/wiki/Electric_vehicle,https://en.wikipedia.org/wiki/Peak_oil
3,/wiki/Electric_vehicle,https://en.wikipedia.org/wiki/Fossil_fuel
3,/wiki/Electric_vehicle,https://en.wikipedia.org/wiki/Carbon_footprint
3,/wiki/Electric_vehicle,https://en.wikipedia.org/wiki/Supercapacitor
3,/wiki/Electric_vehicle,https://en.wikipedia.org/wiki/Market_penetration
3,/wiki/Electric_vehicle,https://en.wikipedia.org/wiki/Andorra
3,/wiki/Electric_vehicle,https://en.wikipedia.org/wiki/Third_rail
3,/wiki/Electric_vehicle,https://en.wikipedia.org/wiki/Trolleytruck
3,/wiki/Electric_vehicle,https://en.wikipedia.org/wiki/Conduit_current_collection
3,/wiki/Electric_vehicle,https://en.wikipedia.org/wiki/Online_Electric_Vehicle
3,/wiki/Electric_vehicle,https://en.wikipedia.org/wiki/Electromagnetic_induction
3,/wiki/Electric_vehicle,https://en.wikipedia.org/wiki/Submarine
3,/wiki/Electric_vehicle,https://en.wikipedia.org/wiki/Aircraft_carrier
3,/wiki/Electric_vehicle,https://en.wikipedia.org/wiki/Nuclear_reactor
3,/wiki/Electric_vehicle,https://en.wikipedia.org/wiki/Steam_turbine
3,/wiki/Electric_vehicle,https://en.wikipedia.org/wiki/Chemical_energy
3,/wiki/Electric_vehicle,https://en.wikipedia.org/wiki/Gyrobus
3,/wiki/Electric_vehicle,https://en.wikipedia.org/wiki/Energy
3,/wiki/Electric_vehicle,https://en.wikipedia.org/wiki/Energy_density
3,/wiki/Electric_vehicle,https://en.wikipedia.org/wiki/Power_density
3,/wiki/Electric_vehicle,https://en.wikipedia.org/wiki/Direct_current
3,/wiki/Electric_vehicle,https://en.wikipedia.org/wiki/Alternating_current
3,/wiki/Electric_vehicle,https://en.wikipedia.org/wiki/Universal_motor
3,/wiki/Electric_vehicle,https://en.wikipedia.org/wiki/Induction_motor
3,/wiki/Electric_vehicle,https://en.wikipedia.org/wiki/Motor_vehicle
3,/wiki/Electric_vehicle,https://en.wikipedia.org/wiki/Rechargeable_battery
3,/wiki/Electric_vehicle,https://en.wikipedia.org/wiki/Market_share
3,/wiki/Electric_vehicle,https://en.wikipedia.org/wiki/Lexus
3,/wiki/Electric_vehicle,https://en.wikipedia.org/wiki/Hyundai_Group
3,/wiki/Electric_vehicle,https://en.wikipedia.org/wiki/Hyundai_Motor_Company
3,/wiki/Electric_vehicle,https://en.wikipedia.org/wiki/Kia_Motors
3,/wiki/Electric_vehicle,https://en.wikipedia.org/wiki/Toyota_Prius
3,/wiki/Electric_vehicle,https://en.wikipedia.org/wiki/Nameplate
3,/wiki/Electric_vehicle,https://en.wikipedia.org/wiki/Power_Vehicle_Innovation
3,/wiki/Electric_vehicle,https://en.wikipedia.org/wiki/Truck
3,/wiki/Electric_vehicle,https://en.wikipedia.org/wiki/Bus
3,/wiki/Electric_vehicle,https://en.wikipedia.org/wiki/Personal_transporter
3,/wiki/Electric_vehicle,https://en.wikipedia.org/wiki/Golf_cart
3,/wiki/Electric_vehicle,https://en.wikipedia.org/wiki/Off-road_vehicle
3,/wiki/Electric_vehicle,https://en.wikipedia.org/wiki/All-terrain_vehicle
3,/wiki/Electric_vehicle,https://en.wikipedia.org/wiki/Elec-Trak
3,/wiki/Electric_vehicle,https://en.wikipedia.org/wiki/Railway_electrification_system
3,/wiki/Electric_vehicle,https://en.wikipedia.org/wiki/Rapid_transit
3,/wiki/Electric_vehicle,https://en.wikipedia.org/wiki/TGV
3,/wiki/Electric_vehicle,https://en.wikipedia.org/wiki/Diesel_locomotive
3,/wiki/Electric_vehicle,https://en.wikipedia.org/wiki/Overcurrent
3,/wiki/Electric_vehicle,https://en.wikipedia.org/wiki/Electrical_grid
3,/wiki/Electric_vehicle,https://en.wikipedia.org/wiki/Rover_(space_exploration)
3,/wiki/Electric_vehicle,https://en.wikipedia.org/wiki/Moon
3,/wiki/Electric_vehicle,https://en.wikipedia.org/wiki/Apollo_program
3,/wiki/Electric_vehicle,https://en.wikipedia.org/wiki/Silver-oxide_battery
3,/wiki/Electric_vehicle,https://en.wikipedia.org/wiki/Photovoltaics
3,/wiki/Electric_vehicle,https://en.wikipedia.org/wiki/Mars
3,/wiki/Electric_vehicle,https://en.wikipedia.org/wiki/Aviation
3,/wiki/Electric_vehicle,https://en.wikipedia.org/wiki/Motorboat
3,/wiki/Electric_vehicle,https://en.wikipedia.org/wiki/Nuclear_submarine
3,/wiki/Electric_vehicle,https://en.wikipedia.org/wiki/Stirling_engine
3,/wiki/Electric_vehicle,https://en.wikipedia.org/wiki/Spacecraft
3,/wiki/Electric_vehicle,https://en.wikipedia.org/wiki/Arcjet_rocket
3,/wiki/Electric_vehicle,https://en.wikipedia.org/wiki/Lucerne
3,/wiki/Electric_vehicle,https://en.wikipedia.org/wiki/Linear_motor
3,/wiki/Electric_vehicle,https://en.wikipedia.org/wiki/Magnetic_levitation
3,/wiki/Electric_vehicle,https://en.wikipedia.org/wiki/Railroad_switch
3,/wiki/Electric_vehicle,https://en.wikipedia.org/wiki/Motor_controller
3,/wiki/Electric_vehicle,https://en.wikipedia.org/wiki/Motorized_shopping_cart
3,/wiki/Electric_vehicle,https://en.wikipedia.org/wiki/Wheelchair
3,/wiki/Electric_vehicle,https://en.wikipedia.org/wiki/Driving_in_Singapore
3,/wiki/Electric_vehicle,https://en.wikipedia.org/wiki/Electromagnetic_radiation
3,/wiki/Electric_vehicle,https://en.wikipedia.org/wiki/Faraday_cage
3,/wiki/Electric_vehicle,https://en.wikipedia.org/wiki/Base_load
3,/wiki/Electric_vehicle,https://en.wikipedia.org/wiki/Electric_vehicle_network
3,/wiki/Electric_vehicle,https://en.wikipedia.org/wiki/Range_anxiety
3,/wiki/Electric_vehicle,https://en.wikipedia.org/wiki/Inductive_charging
3,/wiki/Electric_vehicle,https://en.wikipedia.org/wiki/Plugless_Power
3,/wiki/Electric_vehicle,https://en.wikipedia.org/wiki/Qualcomm
3,/wiki/Electric_vehicle,https://en.wikipedia.org/wiki/Pacific_Northwest_National_Laboratory
3,/wiki/Electric_vehicle,https://en.wikipedia.org/wiki/Greenhouse_gas
3,/wiki/Electric_vehicle,https://en.wikipedia.org/wiki/Carbon_dioxide
3,/wiki/Electric_vehicle,https://en.wikipedia.org/wiki/Methane
3,/wiki/Electric_vehicle,https://en.wikipedia.org/wiki/Nitrous_oxide
3,/wiki/Electric_vehicle,https://en.wikipedia.org/wiki/Nitrogen_oxide
3,/wiki/Electric_vehicle,https://en.wikipedia.org/wiki/Sulfur_dioxide
3,/wiki/Electric_vehicle,https://en.wikipedia.org/wiki/Modular_vehicle
3,/wiki/Electric_vehicle,https://en.wikipedia.org/wiki/EEStor
3,/wiki/Electric_vehicle,https://en.wikipedia.org/wiki/United_Nations
3,/wiki/Electric_vehicle,https://en.wikipedia.org/wiki/Geneva
3,/wiki/Electric_vehicle,https://en.wikipedia.org/wiki/High_voltage
3,/wiki/Electric_vehicle,https://en.wikipedia.org/wiki/National_Highway_Traffic_Safety_Administration
3,/wiki/Electric_vehicle,https://en.wikipedia.org/wiki/CNW_Marketing_Research
3,/wiki/Electric_vehicle,https://en.wikipedia.org/wiki/Torque_converter
3,/wiki/Electric_vehicle,https://en.wikipedia.org/wiki/Vibration
3,/wiki/Electric_vehicle,https://en.wikipedia.org/wiki/Thermal_insulation
3,/wiki/Electric_vehicle,https://en.wikipedia.org/wiki/Public_transport
3,/wiki/Electric_vehicle,https://en.wikipedia.org/wiki/Personal_rapid_transit
3,/wiki/Electric_vehicle,https://en.wikipedia.org/wiki/Net_present_value
3,/wiki/Electric_vehicle,https://en.wikipedia.org/wiki/Narendra_Modi
3,/wiki/Electric_vehicle,https://en.wikipedia.org/wiki/Toyota
3,/wiki/Electric_vehicle,https://en.wikipedia.org/wiki/Solid-state_battery
3,/wiki/Electric_vehicle,https://en.wikipedia.org/wiki/Lithium%E2%80%93air_battery
3,/wiki/Electric_vehicle,https://en.wikipedia.org/wiki/Dual-mode_vehicle
3,/wiki/Electric_vehicle,https://en.wikipedia.org/wiki/Electrathon
3,/wiki/Electric_vehicle,https://en.wikipedia.org/wiki/Electric_Auto_Association
3,/wiki/Electric_vehicle,https://en.wikipedia.org/wiki/Electric_go-kart
3,/wiki/Electric_vehicle,https://en.wikipedia.org/wiki/Electric_rickshaw
3,/wiki/Electric_vehicle,https://en.wikipedia.org/wiki/Electric-steam_locomotive
3,/wiki/Electric_vehicle,https://en.wikipedia.org/wiki/Electric_Vehicle_Company
3,/wiki/Electric_vehicle,https://en.wikipedia.org/wiki/Electric_vehicle_industry_in_India
3,/wiki/Electric_vehicle,https://en.wikipedia.org/wiki/Electrocar
3,/wiki/Electric_vehicle,https://en.wikipedia.org/wiki/Electromote
3,/wiki/Electric_vehicle,https://en.wikipedia.org/wiki/Human-electric_hybrid_vehicle
3,/wiki/Electric_vehicle,https://en.wikipedia.org/wiki/Light_electric_vehicle
3,/wiki/Electric_vehicle,https://en.wikipedia.org/wiki/Superbus_(transport)
3,/wiki/Electric_vehicle,https://en.wikipedia.org/wiki/Royal_Society_of_Chemistry
3,/wiki/Electric_vehicle,https://en.wikipedia.org/wiki/Duke_Energy
3,/wiki/Electric_vehicle,https://en.wikipedia.org/wiki/Teknisk_Ukeblad
3,/wiki/Electric_vehicle,https://en.wikipedia.org/wiki/Wayback_Machine
3,/wiki/Electric_vehicle,https://en.wikipedia.org/wiki/Electric_Power_Research_Institute
3,/wiki/Electric_vehicle,https://en.wikipedia.org/wiki/Natural_Resources_Defense_Council
3,/wiki/Electric_vehicle,https://en.wikipedia.org/wiki/CiteSeerX
3,/wiki/Electric_vehicle,https://en.wikipedia.org/wiki/Union_of_Concerned_Scientists
3,/wiki/Electric_vehicle,https://en.wikipedia.org/wiki/Foreign_Affairs
3,/wiki/Electric_vehicle,https://en.wikipedia.org/wiki/China
3,/wiki/Electric_vehicle,https://en.wikipedia.org/wiki/Climate_Summit
3,/wiki/Hybrid_electric_vehicle,https://en.wikipedia.org/wiki/Hybrid_vehicle_drivetrain
3,/wiki/Hybrid_electric_vehicle,https://en.wikipedia.org/wiki/Fuel_economy_in_automobiles
3,/wiki/Hybrid_electric_vehicle,https://en.wikipedia.org/wiki/Kinetic_energy
3,/wiki/Hybrid_electric_vehicle,https://en.wikipedia.org/wiki/Motor%E2%80%93generator
3,/wiki/Hybrid_electric_vehicle,https://en.wikipedia.org/wiki/Idle_reduction
3,/wiki/Hybrid_electric_vehicle,https://en.wikipedia.org/wiki/Start-stop_system
3,/wiki/Hybrid_electric_vehicle,https://en.wikipedia.org/wiki/Ferdinand_Porsche
3,/wiki/Hybrid_electric_vehicle,https://en.wikipedia.org/wiki/Lohner-Porsche
3,/wiki/Hybrid_electric_vehicle,https://en.wikipedia.org/wiki/Japan
3,/wiki/Hybrid_electric_vehicle,https://en.wikipedia.org/wiki/Honda_Insight
3,/wiki/Hybrid_electric_vehicle,https://en.wikipedia.org/wiki/Mild_hybrid
3,/wiki/Hybrid_electric_vehicle,https://en.wikipedia.org/wiki/BMW_Concept_7_Series_ActiveHybrid
3,/wiki/Hybrid_electric_vehicle,https://en.wikipedia.org/wiki/Honda_Civic_Hybrid
3,/wiki/Hybrid_electric_vehicle,https://en.wikipedia.org/wiki/BAS_Hybrid
3,/wiki/Hybrid_electric_vehicle,https://en.wikipedia.org/wiki/Chevrolet_Malibu
3,/wiki/Hybrid_electric_vehicle,https://en.wikipedia.org/wiki/Range_extender_(vehicle)
3,/wiki/Hybrid_electric_vehicle,https://en.wikipedia.org/wiki/Ford_Motor_Company
3,/wiki/Hybrid_electric_vehicle,https://en.wikipedia.org/wiki/Hybrid_Synergy_Drive
3,/wiki/Hybrid_electric_vehicle,https://en.wikipedia.org/wiki/Chrysler
3,/wiki/Hybrid_electric_vehicle,https://en.wikipedia.org/wiki/Ford_Fusion_Hybrid
3,/wiki/Hybrid_electric_vehicle,https://en.wikipedia.org/wiki/Honda
3,/wiki/Hybrid_electric_vehicle,https://en.wikipedia.org/wiki/Integrated_Motor_Assist
3,/wiki/Hybrid_electric_vehicle,https://en.wikipedia.org/wiki/BYD_F3DM
3,/wiki/Hybrid_electric_vehicle,https://en.wikipedia.org/wiki/Electric_power
3,/wiki/Hybrid_electric_vehicle,https://en.wikipedia.org/wiki/AC_power_plugs_and_sockets
3,/wiki/Hybrid_electric_vehicle,https://en.wikipedia.org/wiki/Toyota_Prius_Plug-in_Hybrid
3,/wiki/Hybrid_electric_vehicle,https://en.wikipedia.org/wiki/History_of_plug-in_hybrids
3,/wiki/Hybrid_electric_vehicle,https://en.wikipedia.org/wiki/Cedar_Falls|_Iowa
3,/wiki/Hybrid_electric_vehicle,https://en.wikipedia.org/wiki/Exposition_Universelle_(1900)
3,/wiki/Hybrid_electric_vehicle,https://en.wikipedia.org/wiki/Woods_Motor_Vehicle
3,/wiki/Hybrid_electric_vehicle,https://en.wikipedia.org/wiki/Lanchester_petrol-electric_car
3,/wiki/Hybrid_electric_vehicle,https://en.wikipedia.org/wiki/Thinktank|_Birmingham_Science_Museum
3,/wiki/Hybrid_electric_vehicle,https://en.wikipedia.org/wiki/United_States_Army
3,/wiki/Hybrid_electric_vehicle,https://en.wikipedia.org/wiki/Experimental_Motorized_Force
3,/wiki/Hybrid_electric_vehicle,https://en.wikipedia.org/wiki/VK_3001_(P)
3,/wiki/Hybrid_electric_vehicle,https://en.wikipedia.org/wiki/VK_4501_(P)
3,/wiki/Hybrid_electric_vehicle,https://en.wikipedia.org/wiki/Elefant
3,/wiki/Hybrid_electric_vehicle,https://en.wikipedia.org/wiki/Panzer_VIII_Maus
3,/wiki/Hybrid_electric_vehicle,https://en.wikipedia.org/wiki/Copper_conductor
3,/wiki/Hybrid_electric_vehicle,https://en.wikipedia.org/wiki/Concept_car
3,/wiki/Hybrid_electric_vehicle,https://en.wikipedia.org/wiki/Victor_Wouk
3,/wiki/Hybrid_electric_vehicle,https://en.wikipedia.org/wiki/Henney_Kilowatt
3,/wiki/Hybrid_electric_vehicle,https://en.wikipedia.org/wiki/Buick_Skylark
3,/wiki/Hybrid_electric_vehicle,https://en.wikipedia.org/wiki/Opel_GT
3,/wiki/Hybrid_electric_vehicle,https://en.wikipedia.org/wiki/Voltage_controller
3,/wiki/Hybrid_electric_vehicle,https://en.wikipedia.org/wiki/Fuel_efficiency
3,/wiki/Hybrid_electric_vehicle,https://en.wikipedia.org/wiki/Mother_Earth_News
3,/wiki/Hybrid_electric_vehicle,https://en.wikipedia.org/wiki/Fritz_Karl_Preikschat
3,/wiki/Hybrid_electric_vehicle,https://en.wikipedia.org/wiki/Audi_100
3,/wiki/Hybrid_electric_vehicle,https://en.wikipedia.org/wiki/Siemens
3,/wiki/Hybrid_electric_vehicle,https://en.wikipedia.org/wiki/Straight-five_engine
3,/wiki/Hybrid_electric_vehicle,https://en.wikipedia.org/wiki/Drawback
3,/wiki/Hybrid_electric_vehicle,https://en.wikipedia.org/wiki/Torsen
3,/wiki/Hybrid_electric_vehicle,https://en.wikipedia.org/wiki/Differential_(mechanical_device)
3,/wiki/Hybrid_electric_vehicle,https://en.wikipedia.org/wiki/Inline-four_engine
3,/wiki/Hybrid_electric_vehicle,https://en.wikipedia.org/wiki/BMW_5_Series_(E34)
3,/wiki/Hybrid_electric_vehicle,https://en.wikipedia.org/wiki/Volvo_ECC
3,/wiki/Hybrid_electric_vehicle,https://en.wikipedia.org/wiki/Volvo_Cars
3,/wiki/Hybrid_electric_vehicle,https://en.wikipedia.org/wiki/Volvo_850
3,/wiki/Hybrid_electric_vehicle,https://en.wikipedia.org/wiki/Presidency_of_Bill_Clinton
3,/wiki/Hybrid_electric_vehicle,https://en.wikipedia.org/wiki/Partnership_for_a_New_Generation_of_Vehicles
3,/wiki/Hybrid_electric_vehicle,https://en.wikipedia.org/wiki/United_States_Council_for_Automotive_Research
3,/wiki/Hybrid_electric_vehicle,https://en.wikipedia.org/wiki/Automotive_industry
3,/wiki/Hybrid_electric_vehicle,https://en.wikipedia.org/wiki/Production_line
3,/wiki/Hybrid_electric_vehicle,https://en.wikipedia.org/wiki/Prototype
3,/wiki/Hybrid_electric_vehicle,https://en.wikipedia.org/wiki/George_W._Bush
3,/wiki/Hybrid_electric_vehicle,https://en.wikipedia.org/wiki/List_of_hybrid_vehicles
3,/wiki/Hybrid_electric_vehicle,https://en.wikipedia.org/wiki/Mass_production
3,/wiki/Hybrid_electric_vehicle,https://en.wikipedia.org/wiki/United_States
3,/wiki/Hybrid_electric_vehicle,https://en.wikipedia.org/wiki/Europe
3,/wiki/Hybrid_electric_vehicle,https://en.wikipedia.org/wiki/North_America
3,/wiki/Hybrid_electric_vehicle,https://en.wikipedia.org/wiki/Litre
3,/wiki/Hybrid_electric_vehicle,https://en.wikipedia.org/wiki/Honda_Civic_(seventh_generation)
3,/wiki/Hybrid_electric_vehicle,https://en.wikipedia.org/wiki/Honda_Accord
3,/wiki/Hybrid_electric_vehicle,https://en.wikipedia.org/wiki/GMT900
3,/wiki/Hybrid_electric_vehicle,https://en.wikipedia.org/wiki/Chevrolet_Tahoe
3,/wiki/Hybrid_electric_vehicle,https://en.wikipedia.org/wiki/Honda_CR-Z
3,/wiki/Hybrid_electric_vehicle,https://en.wikipedia.org/wiki/Seoul_Motor_Show
3,/wiki/Hybrid_electric_vehicle,https://en.wikipedia.org/wiki/South_Korea
3,/wiki/Hybrid_electric_vehicle,https://en.wikipedia.org/wiki/Liquefied_petroleum_gas
3,/wiki/Hybrid_electric_vehicle,https://en.wikipedia.org/wiki/Chicago_Auto_Show
3,/wiki/Hybrid_electric_vehicle,https://en.wikipedia.org/wiki/Daimler_AG
3,/wiki/Hybrid_electric_vehicle,https://en.wikipedia.org/wiki/2010_Paris_Motor_Show
3,/wiki/Hybrid_electric_vehicle,https://en.wikipedia.org/wiki/Burnaston
3,/wiki/Hybrid_electric_vehicle,https://en.wikipedia.org/wiki/Powertrain
3,/wiki/Hybrid_electric_vehicle,https://en.wikipedia.org/wiki/New_York_International_Auto_Show
3,/wiki/Hybrid_electric_vehicle,https://en.wikipedia.org/wiki/Diesel_fuel
3,/wiki/Hybrid_electric_vehicle,https://en.wikipedia.org/wiki/Volkswagen_Jetta
3,/wiki/Hybrid_electric_vehicle,https://en.wikipedia.org/wiki/Volkswagen_Golf
3,/wiki/Hybrid_electric_vehicle,https://en.wikipedia.org/wiki/Volkswagen_Polo
3,/wiki/Hybrid_electric_vehicle,https://en.wikipedia.org/wiki/Peugeot
3,/wiki/Hybrid_electric_vehicle,https://en.wikipedia.org/wiki/Acura_ILX
3,/wiki/Hybrid_electric_vehicle,https://en.wikipedia.org/wiki/Toyota_Auris
3,/wiki/Hybrid_electric_vehicle,https://en.wikipedia.org/wiki/Lexus_RX
3,/wiki/Hybrid_electric_vehicle,https://en.wikipedia.org/wiki/France
3,/wiki/Hybrid_electric_vehicle,https://en.wikipedia.org/wiki/United_Kingdom
3,/wiki/Hybrid_electric_vehicle,https://en.wikipedia.org/wiki/Italy
3,/wiki/Hybrid_electric_vehicle,https://en.wikipedia.org/wiki/Germany
3,/wiki/Hybrid_electric_vehicle,https://en.wikipedia.org/wiki/Spain
3,/wiki/Hybrid_electric_vehicle,https://en.wikipedia.org/wiki/Netherlands
3,/wiki/Hybrid_electric_vehicle,https://en.wikipedia.org/wiki/Canada
3,/wiki/Hybrid_electric_vehicle,https://en.wikipedia.org/wiki/Toyota_Corolla
3,/wiki/Hybrid_electric_vehicle,https://en.wikipedia.org/wiki/2011_T%C5%8Dhoku_earthquake_and_tsunami
3,/wiki/Hybrid_electric_vehicle,https://en.wikipedia.org/wiki/Hybrid_electric_vehicles_in_the_United_States
3,/wiki/Hybrid_electric_vehicle,https://en.wikipedia.org/wiki/2010s_oil_glut
3,/wiki/Hybrid_electric_vehicle,https://en.wikipedia.org/wiki/Lincoln_MKZ
3,/wiki/Hybrid_electric_vehicle,https://en.wikipedia.org/wiki/Mercury_Milan
3,/wiki/Hybrid_electric_vehicle,https://en.wikipedia.org/wiki/New_York_(state)
3,/wiki/Hybrid_electric_vehicle,https://en.wikipedia.org/wiki/Florida
3,/wiki/Hybrid_electric_vehicle,https://en.wikipedia.org/wiki/New_York_metropolitan_area
3,/wiki/Hybrid_electric_vehicle,https://en.wikipedia.org/wiki/San_Francisco_Bay_Area
3,/wiki/Hybrid_electric_vehicle,https://en.wikipedia.org/wiki/Chicago_metropolitan_area
3,/wiki/Hybrid_electric_vehicle,https://en.wikipedia.org/wiki/Western_Europe
3,/wiki/Hybrid_electric_vehicle,https://en.wikipedia.org/wiki/Free-piston_engine
3,/wiki/Hybrid_electric_vehicle,https://en.wikipedia.org/wiki/Petroleum
3,/wiki/Hybrid_electric_vehicle,https://en.wikipedia.org/wiki/Peugeot_307
3,/wiki/Hybrid_electric_vehicle,https://en.wikipedia.org/wiki/Citro%C3%ABn_C4
3,/wiki/Hybrid_electric_vehicle,https://en.wikipedia.org/wiki/Opel_Astra
3,/wiki/Hybrid_electric_vehicle,https://en.wikipedia.org/wiki/Robert_Bosch_GmbH
3,/wiki/Hybrid_electric_vehicle,https://en.wikipedia.org/wiki/Peugeot_308
3,/wiki/Hybrid_electric_vehicle,https://en.wikipedia.org/wiki/FedEx
3,/wiki/Hybrid_electric_vehicle,https://en.wikipedia.org/wiki/Eaton_Corporation
3,/wiki/Hybrid_electric_vehicle,https://en.wikipedia.org/wiki/Iveco
3,/wiki/Hybrid_electric_vehicle,https://en.wikipedia.org/wiki/Hyundai
3,/wiki/Hybrid_electric_vehicle,https://en.wikipedia.org/wiki/Sweden
3,/wiki/Hybrid_electric_vehicle,https://en.wikipedia.org/wiki/Power_inverter
3,/wiki/Hybrid_electric_vehicle,https://en.wikipedia.org/wiki/Neodymium_magnet
3,/wiki/Hybrid_electric_vehicle,https://en.wikipedia.org/wiki/Roadway_air_dispersion_modeling
3,/wiki/Hybrid_electric_vehicle,https://en.wikipedia.org/wiki/Atkinson_cycle
3,/wiki/Hybrid_electric_vehicle,https://en.wikipedia.org/wiki/Barack_Obama
3,/wiki/Hybrid_electric_vehicle,https://en.wikipedia.org/wiki/Fisker_Karma
3,/wiki/Hybrid_electric_vehicle,https://en.wikipedia.org/wiki/Hybrid_Scorecard
3,/wiki/Hybrid_electric_vehicle,https://en.wikipedia.org/wiki/Green_Car_Journal
3,/wiki/Hybrid_electric_vehicle,https://en.wikipedia.org/wiki/Zero_Motorcycles
3,/wiki/Hybrid_electric_vehicle,https://en.wikipedia.org/wiki/Vectrix
3,/wiki/Hybrid_electric_vehicle,https://en.wikipedia.org/wiki/Scooter_(motorcycle)
3,/wiki/Hybrid_electric_vehicle,https://en.wikipedia.org/wiki/SEMA
3,/wiki/Hybrid_electric_vehicle,https://en.wikipedia.org/wiki/Yamaha_Motor_Company
3,/wiki/Hybrid_electric_vehicle,https://en.wikipedia.org/wiki/Startup_company
3,/wiki/Hybrid_electric_vehicle,https://en.wikipedia.org/wiki/Mercedes_F1_W06_Hybrid
3,/wiki/Hybrid_electric_vehicle,https://en.wikipedia.org/wiki/Nico_Rosberg
3,/wiki/Hybrid_electric_vehicle,https://en.wikipedia.org/wiki/2015_Malaysian_Grand_Prix
3,/wiki/Hybrid_electric_vehicle,https://en.wikipedia.org/wiki/Audi_R18
3,/wiki/Hybrid_electric_vehicle,https://en.wikipedia.org/wiki/Hybrid_taxi
3,/wiki/Hybrid_electric_vehicle,https://en.wikipedia.org/wiki/Singapore
3,/wiki/Hybrid_electric_vehicle,https://en.wikipedia.org/wiki/Vancouver
3,/wiki/Hybrid_electric_vehicle,https://en.wikipedia.org/wiki/British_Columbia
3,/wiki/Hybrid_electric_vehicle,https://en.wikipedia.org/wiki/Austria
3,/wiki/Hybrid_electric_vehicle,https://en.wikipedia.org/wiki/San_Francisco
3,/wiki/Hybrid_electric_vehicle,https://en.wikipedia.org/wiki/New_York_City
3,/wiki/Hybrid_electric_vehicle,https://en.wikipedia.org/wiki/Tokyo
3,/wiki/Hybrid_electric_vehicle,https://en.wikipedia.org/wiki/Sydney
3,/wiki/Hybrid_electric_vehicle,https://en.wikipedia.org/wiki/Melbourne
3,/wiki/Hybrid_electric_vehicle,https://en.wikipedia.org/wiki/Rome
3,/wiki/Hybrid_electric_vehicle,https://en.wikipedia.org/wiki/Hybrid_electric_bus
3,/wiki/Hybrid_electric_vehicle,https://en.wikipedia.org/wiki/Hybrid_electric_truck
3,/wiki/Hybrid_electric_vehicle,https://en.wikipedia.org/wiki/Hino_Motors
3,/wiki/Hybrid_electric_vehicle,https://en.wikipedia.org/wiki/Mercedes-Benz_Sprinter
3,/wiki/Hybrid_electric_vehicle,https://en.wikipedia.org/wiki/Navistar_International
3,/wiki/Hybrid_electric_vehicle,https://en.wikipedia.org/wiki/Liebherr_T_282B
3,/wiki/Hybrid_electric_vehicle,https://en.wikipedia.org/wiki/LeTourneau_L-2350
3,/wiki/Hybrid_electric_vehicle,https://en.wikipedia.org/wiki/BelAZ
3,/wiki/Hybrid_electric_vehicle,https://en.wikipedia.org/wiki/Belarus
3,/wiki/Hybrid_electric_vehicle,https://en.wikipedia.org/wiki/Mitsubishi_Fuso_Canter_Eco_Hybrid
3,/wiki/Hybrid_electric_vehicle,https://en.wikipedia.org/wiki/Azure_Dynamics
3,/wiki/Hybrid_electric_vehicle,https://en.wikipedia.org/wiki/DAF_Trucks
3,/wiki/Hybrid_electric_vehicle,https://en.wikipedia.org/wiki/MAN_Truck_%26_Bus
3,/wiki/Hybrid_electric_vehicle,https://en.wikipedia.org/wiki/Renault_Trucks
3,/wiki/Hybrid_electric_vehicle,https://en.wikipedia.org/wiki/ZF_Friedrichshafen
3,/wiki/Hybrid_electric_vehicle,https://en.wikipedia.org/wiki/EPower_Engine_Systems
3,/wiki/Hybrid_electric_vehicle,https://en.wikipedia.org/wiki/Voice_vote
3,/wiki/Hybrid_electric_vehicle,https://en.wikipedia.org/wiki/United_States_House_of_Representatives
3,/wiki/Hybrid_electric_vehicle,https://en.wikipedia.org/wiki/Truck_classification
3,/wiki/Hybrid_electric_vehicle,https://en.wikipedia.org/wiki/United_States_Department_of_Defense
3,/wiki/Hybrid_electric_vehicle,https://en.wikipedia.org/wiki/Heavy_Expanded_Mobility_Tactical_Truck
3,/wiki/Hybrid_electric_vehicle,https://en.wikipedia.org/wiki/Railpower_Technologies
3,/wiki/Hybrid_electric_vehicle,https://en.wikipedia.org/wiki/Switcher
3,/wiki/Hybrid_electric_vehicle,https://en.wikipedia.org/wiki/Boeing
3,/wiki/Hybrid_electric_vehicle,https://en.wikipedia.org/wiki/AgustaWestland_Project_Zero
3,/wiki/Hybrid_electric_vehicle,https://en.wikipedia.org/wiki/Diamond_Aircraft_Industries
3,/wiki/Hybrid_electric_vehicle,https://en.wikipedia.org/wiki/Payback_period
3,/wiki/Hybrid_electric_vehicle,https://en.wikipedia.org/wiki/Externality
3,/wiki/Hybrid_electric_vehicle,https://en.wikipedia.org/wiki/Consumer_Reports
3,/wiki/Hybrid_electric_vehicle,https://en.wikipedia.org/wiki/Contamination
3,/wiki/Hybrid_electric_vehicle,https://en.wikipedia.org/wiki/Dysprosium
3,/wiki/Hybrid_electric_vehicle,https://en.wikipedia.org/wiki/Hoidas_Lake
3,/wiki/Hybrid_electric_vehicle,https://en.wikipedia.org/wiki/Australia
3,/wiki/Hybrid_electric_vehicle,https://en.wikipedia.org/wiki/Incentive
3,/wiki/Hybrid_electric_vehicle,https://en.wikipedia.org/wiki/Ecotax
3,/wiki/Hybrid_electric_vehicle,https://en.wikipedia.org/wiki/Jordan
3,/wiki/Hybrid_electric_vehicle,https://en.wikipedia.org/wiki/Malaysia
3,/wiki/Hybrid_electric_vehicle,https://en.wikipedia.org/wiki/Mitsubishi_i-MiEV
3,/wiki/Hybrid_electric_vehicle,https://en.wikipedia.org/wiki/Mercedes-Benz_S-Class_(W222)
3,/wiki/Hybrid_electric_vehicle,https://en.wikipedia.org/wiki/Nissan_Serena
3,/wiki/Hybrid_electric_vehicle,https://en.wikipedia.org/wiki/Christchurch
3,/wiki/Hybrid_electric_vehicle,https://en.wikipedia.org/wiki/Republic_of_Ireland
3,/wiki/Hybrid_electric_vehicle,https://en.wikipedia.org/wiki/Vehicle_registration_tax_(Ireland)
3,/wiki/Hybrid_electric_vehicle,https://en.wikipedia.org/wiki/London_congestion_charge
3,/wiki/Hybrid_electric_vehicle,https://en.wikipedia.org/wiki/Natural_gas
3,/wiki/Hybrid_electric_vehicle,https://en.wikipedia.org/wiki/Hybrid_tax_credit
3,/wiki/Hybrid_electric_vehicle,https://en.wikipedia.org/wiki/Tax_credit
3,/wiki/Hybrid_electric_vehicle,https://en.wikipedia.org/wiki/Virginia
3,/wiki/Hybrid_electric_vehicle,https://en.wikipedia.org/wiki/High-occupancy_vehicle_lane
3,/wiki/Hybrid_electric_vehicle,https://en.wikipedia.org/wiki/Federal_Highway_Administration
3,/wiki/Hybrid_electric_vehicle,https://en.wikipedia.org/wiki/Smog
3,/wiki/Hybrid_electric_vehicle,https://en.wikipedia.org/wiki/San_Jose|_California
3,/wiki/Hybrid_electric_vehicle,https://en.wikipedia.org/wiki/Baltimore
3,/wiki/Hybrid_electric_vehicle,https://en.wikipedia.org/wiki/Maryland
3,/wiki/Hybrid_electric_vehicle,https://en.wikipedia.org/wiki/The_Boston_Globe
3,/wiki/Hybrid_electric_vehicle,https://en.wikipedia.org/wiki/Washington|_D.C.
3,/wiki/Hybrid_electric_vehicle,https://en.wikipedia.org/wiki/RechargeIT
3,/wiki/Hybrid_electric_vehicle,https://en.wikipedia.org/wiki/Shopping_mall
3,/wiki/Hybrid_electric_vehicle,https://en.wikipedia.org/wiki/Northern_Virginia
3,/wiki/Hybrid_electric_vehicle,https://en.wikipedia.org/wiki/Energy_Policy_Act_of_2005
3,/wiki/Hybrid_electric_vehicle,https://en.wikipedia.org/wiki/Global_Hybrid_Cooperation
3,/wiki/Hybrid_electric_vehicle,https://en.wikipedia.org/wiki/Comparison_of_Toyota_hybrids
3,/wiki/Hybrid_electric_vehicle,https://en.wikipedia.org/wiki/Low-carbon_fuel_standard
3,/wiki/Hybrid_electric_vehicle,https://en.wikipedia.org/wiki/Super_ultra-low_emission_vehicle
3,/wiki/Hybrid_electric_vehicle,https://en.wikipedia.org/wiki/Triple-hybrid
3,/wiki/Hybrid_electric_vehicle,https://en.wikipedia.org/wiki/UltraCommuter
3,/wiki/Hybrid_electric_vehicle,https://en.wikipedia.org/wiki/Sherry_Boschert
3,/wiki/Hybrid_electric_vehicle,https://en.wikipedia.org/wiki/Journal_of_Geophysical_Research
3,/wiki/Hybrid_electric_vehicle,https://en.wikipedia.org/wiki/Bibcode
3,/wiki/Hybrid_electric_vehicle,https://en.wikipedia.org/wiki/Thomas_Friedman
3,/wiki/Hybrid_electric_vehicle,https://en.wikipedia.org/wiki/Hot|_Flat|_and_Crowded
3,/wiki/Hybrid_electric_vehicle,https://en.wikipedia.org/wiki/CalCars
3,/wiki/Hybrid_electric_vehicle,https://en.wikipedia.org/wiki/Felix_Kramer
3,/wiki/Hybrid_electric_vehicle,https://en.wikipedia.org/wiki/Reuter
3,/wiki/Hybrid_electric_vehicle,https://en.wikipedia.org/wiki/Birmingham_Museums_Trust
3,/wiki/Hybrid_electric_vehicle,https://en.wikipedia.org/wiki/Los_Angeles_Times
3,/wiki/Hybrid_electric_vehicle,https://en.wikipedia.org/wiki/Associated_Press
3,/wiki/Hybrid_electric_vehicle,https://en.wikipedia.org/wiki/What_Car%3F
3,/wiki/Hybrid_electric_vehicle,https://en.wikipedia.org/wiki/Motor_Trend
3,/wiki/Hybrid_electric_vehicle,https://en.wikipedia.org/wiki/Reuters
3,/wiki/Hybrid_electric_vehicle,https://en.wikipedia.org/wiki/Yomiuri_Shimbun
3,/wiki/Hybrid_electric_vehicle,https://en.wikipedia.org/wiki/Torrance|_California
3,/wiki/Hybrid_electric_vehicle,https://en.wikipedia.org/wiki/Society_of_Motor_Manufacturers_and_Traders
3,/wiki/Hybrid_electric_vehicle,https://en.wikipedia.org/wiki/The_Globe_and_Mail
3,/wiki/Hybrid_electric_vehicle,https://en.wikipedia.org/wiki/Toronto_Star
3,/wiki/Hybrid_electric_vehicle,https://en.wikipedia.org/wiki/Sustainable_Waterloo_Region
3,/wiki/Hybrid_electric_vehicle,https://en.wikipedia.org/wiki/Toyota|_Aichi
3,/wiki/Hybrid_electric_vehicle,https://en.wikipedia.org/wiki/Kyodo_News
3,/wiki/Hybrid_electric_vehicle,https://en.wikipedia.org/wiki/The_Japan_Times
3,/wiki/Hybrid_electric_vehicle,https://en.wikipedia.org/wiki/Asahi_Shimbun
3,/wiki/Hybrid_electric_vehicle,https://en.wikipedia.org/wiki/Ward%27s
3,/wiki/Hybrid_electric_vehicle,https://en.wikipedia.org/wiki/The_Washington_Post
3,/wiki/Hybrid_electric_vehicle,https://en.wikipedia.org/wiki/Shaker_Verlag
3,/wiki/Hybrid_electric_vehicle,https://en.wikipedia.org/wiki/American_Council_of_the_Blind
3,/wiki/Hybrid_electric_vehicle,https://en.wikipedia.org/wiki/Daily_Mail
3,/wiki/Hybrid_electric_vehicle,https://en.wikipedia.org/wiki/Internal_Revenue_Service
3,/wiki/Hybrid_electric_vehicle,https://en.wikipedia.org/wiki/Star_Tribune
3,/wiki/Hybrid_electric_vehicle,https://en.wikipedia.org/wiki/National_Renewable_Energy_Laboratory
3,/wiki/Hybrid_electric_vehicle,https://en.wikipedia.org/wiki/DMOZ
3,/wiki/Fuel_cell_vehicle,https://en.wikipedia.org/wiki/Toyota_Mirai
3,/wiki/Fuel_cell_vehicle,https://en.wikipedia.org/wiki/Hyundai_Nexo
3,/wiki/Fuel_cell_vehicle,https://en.wikipedia.org/wiki/Compressed_hydrogen
3,/wiki/Fuel_cell_vehicle,https://en.wikipedia.org/wiki/Hydrogen_production
3,/wiki/Fuel_cell_vehicle,https://en.wikipedia.org/wiki/Forklift
3,/wiki/Fuel_cell_vehicle,https://en.wikipedia.org/wiki/Hydrogen_infrastructure
3,/wiki/Fuel_cell_vehicle,https://en.wikipedia.org/wiki/Hydrogen_station
3,/wiki/Fuel_cell_vehicle,https://en.wikipedia.org/wiki/Phosphoric_acid_fuel_cell
3,/wiki/Fuel_cell_vehicle,https://en.wikipedia.org/wiki/Molten_carbonate_fuel_cell
3,/wiki/Fuel_cell_vehicle,https://en.wikipedia.org/wiki/Humphry_Davy
3,/wiki/Fuel_cell_vehicle,https://en.wikipedia.org/wiki/Allis-Chalmers
3,/wiki/Fuel_cell_vehicle,https://en.wikipedia.org/wiki/Space_Race
3,/wiki/Fuel_cell_vehicle,https://en.wikipedia.org/wiki/Project_Gemini
3,/wiki/Fuel_cell_vehicle,https://en.wikipedia.org/wiki/Apollo_Command/Service_Module
3,/wiki/Fuel_cell_vehicle,https://en.wikipedia.org/wiki/Apollo_Lunar_Module
3,/wiki/Fuel_cell_vehicle,https://en.wikipedia.org/wiki/Space_Shuttle
3,/wiki/Fuel_cell_vehicle,https://en.wikipedia.org/wiki/List_of_fuel_cell_vehicles
3,/wiki/Fuel_cell_vehicle,https://en.wikipedia.org/wiki/Southern_California
3,/wiki/Fuel_cell_vehicle,https://en.wikipedia.org/wiki/GM_HydroGen4
3,/wiki/Fuel_cell_vehicle,https://en.wikipedia.org/wiki/Mercedes-Benz_F-Cell
3,/wiki/Fuel_cell_vehicle,https://en.wikipedia.org/wiki/Hyundai_ix35_FCEV
3,/wiki/Fuel_cell_vehicle,https://en.wikipedia.org/wiki/Japanese_yen
3,/wiki/Fuel_cell_vehicle,https://en.wikipedia.org/wiki/Pat_Cox
3,/wiki/Fuel_cell_vehicle,https://en.wikipedia.org/wiki/Miles_per_gallon_gasoline_equivalent
3,/wiki/Fuel_cell_vehicle,https://en.wikipedia.org/wiki/Honda_FCX
3,/wiki/Fuel_cell_vehicle,https://en.wikipedia.org/wiki/Los_Angeles
3,/wiki/Fuel_cell_vehicle,https://en.wikipedia.org/wiki/Nissan_X-Trail
3,/wiki/Fuel_cell_vehicle,https://en.wikipedia.org/wiki/United_Arab_Emirates
3,/wiki/Fuel_cell_vehicle,https://en.wikipedia.org/wiki/Honda_Clarity
3,/wiki/Fuel_cell_vehicle,https://en.wikipedia.org/wiki/Solid_oxide_fuel_cell
3,/wiki/Fuel_cell_vehicle,https://en.wikipedia.org/wiki/Fuel_cell_bus
3,/wiki/Fuel_cell_vehicle,https://en.wikipedia.org/wiki/Mercedes-Benz
3,/wiki/Fuel_cell_vehicle,https://en.wikipedia.org/wiki/Whistler|_British_Columbia
3,/wiki/Fuel_cell_vehicle,https://en.wikipedia.org/wiki/Fuel_Cell_Bus_Club
3,/wiki/Fuel_cell_vehicle,https://en.wikipedia.org/wiki/Ballard_Power_Systems
3,/wiki/Fuel_cell_vehicle,https://en.wikipedia.org/wiki/Caxias_do_Sul
3,/wiki/Fuel_cell_vehicle,https://en.wikipedia.org/wiki/S%C3%A3o_Bernardo_do_Campo
3,/wiki/Fuel_cell_vehicle,https://en.wikipedia.org/wiki/Electrolysis
3,/wiki/Fuel_cell_vehicle,https://en.wikipedia.org/wiki/Fuel_cell_forklift
3,/wiki/Fuel_cell_vehicle,https://en.wikipedia.org/wiki/Material_handling
3,/wiki/Fuel_cell_vehicle,https://en.wikipedia.org/wiki/Intelligent_Energy
3,/wiki/Fuel_cell_vehicle,https://en.wikipedia.org/wiki/Motorcycle
3,/wiki/Fuel_cell_vehicle,https://en.wikipedia.org/wiki/ENV
3,/wiki/Fuel_cell_vehicle,https://en.wikipedia.org/wiki/Hydrogen-powered_aircraft
3,/wiki/Fuel_cell_vehicle,https://en.wikipedia.org/wiki/Airplane
3,/wiki/Fuel_cell_vehicle,https://en.wikipedia.org/wiki/Horizon_Fuel_Cell_Technologies
3,/wiki/Fuel_cell_vehicle,https://en.wikipedia.org/wiki/Hydrogen_ship
3,/wiki/Fuel_cell_vehicle,https://en.wikipedia.org/wiki/Hydra_(ship)
3,/wiki/Fuel_cell_vehicle,https://en.wikipedia.org/wiki/German_submarine_U-31_(S181)
3,/wiki/Fuel_cell_vehicle,https://en.wikipedia.org/wiki/Type_212_submarine
3,/wiki/Fuel_cell_vehicle,https://en.wikipedia.org/wiki/Hydrail
3,/wiki/Fuel_cell_vehicle,https://en.wikipedia.org/wiki/InnoTrans
3,/wiki/Fuel_cell_vehicle,https://en.wikipedia.org/wiki/CSR_Corporation_Limited
3,/wiki/Fuel_cell_vehicle,https://en.wikipedia.org/wiki/Alstom
3,/wiki/Fuel_cell_vehicle,https://en.wikipedia.org/wiki/Buxtehude
3,/wiki/Fuel_cell_vehicle,https://en.wikipedia.org/wiki/Bremerv%C3%B6rde
3,/wiki/Fuel_cell_vehicle,https://en.wikipedia.org/wiki/Bremerhaven
3,/wiki/Fuel_cell_vehicle,https://en.wikipedia.org/wiki/Cuxhaven
3,/wiki/Fuel_cell_vehicle,https://en.wikipedia.org/wiki/Hydrogen_highway
3,/wiki/Fuel_cell_vehicle,https://en.wikipedia.org/wiki/Jerry_Brown
3,/wiki/Fuel_cell_vehicle,https://en.wikipedia.org/wiki/California_Energy_Commission
3,/wiki/Fuel_cell_vehicle,https://en.wikipedia.org/wiki/Steven_Chu
3,/wiki/Fuel_cell_vehicle,https://en.wikipedia.org/wiki/Clean_technology
3,/wiki/Fuel_cell_vehicle,https://en.wikipedia.org/wiki/Energy_(journal)
3,/wiki/Fuel_cell_vehicle,https://en.wikipedia.org/wiki/Stanford_University
3,/wiki/Fuel_cell_vehicle,https://en.wikipedia.org/wiki/Technical_University_of_Munich
3,/wiki/Fuel_cell_vehicle,https://en.wikipedia.org/wiki/The_Economist
3,/wiki/Fuel_cell_vehicle,https://en.wikipedia.org/wiki/Robert_Zubrin
3,/wiki/Fuel_cell_vehicle,https://en.wikipedia.org/wiki/Energy_Victory
3,/wiki/Fuel_cell_vehicle,https://en.wikipedia.org/wiki/The_Motley_Fool
3,/wiki/Fuel_cell_vehicle,https://en.wikipedia.org/wiki/Glossary_of_fuel_cell_terms
3,/wiki/Fuel_cell_vehicle,https://en.wikipedia.org/wiki/Fuel_cell_auxiliary_power_unit
3,/wiki/Fuel_cell_vehicle,https://en.wikipedia.org/wiki/Fuel_Cell_and_Hydrogen_Energy_Association
3,/wiki/Fuel_cell_vehicle,https://en.wikipedia.org/wiki/Seeking_Alpha
3,/wiki/Tesla_Model_S,https://en.wikipedia.org/wiki/Curtiss_Model_S
3,/wiki/Tesla_Model_S,https://en.wikipedia.org/wiki/Code_name
3,/wiki/Tesla_Model_S,https://en.wikipedia.org/wiki/Fremont|_California
3,/wiki/Tesla_Model_S,https://en.wikipedia.org/wiki/Tesla_Factory
3,/wiki/Tesla_Model_S,https://en.wikipedia.org/wiki/Tilburg
3,/wiki/Tesla_Model_S,https://en.wikipedia.org/wiki/Knock-down_kit
3,/wiki/Tesla_Model_S,https://en.wikipedia.org/wiki/Automotive_design
3,/wiki/Tesla_Model_S,https://en.wikipedia.org/wiki/Franz_von_Holzhausen
3,/wiki/Tesla_Model_S,https://en.wikipedia.org/wiki/E-segment
3,/wiki/Tesla_Model_S,https://en.wikipedia.org/wiki/S-segment
3,/wiki/Tesla_Model_S,https://en.wikipedia.org/wiki/All-wheel_drive
3,/wiki/Tesla_Model_S,https://en.wikipedia.org/wiki/FTP-75
3,/wiki/Tesla_Model_S,https://en.wikipedia.org/wiki/New_European_Driving_Cycle
3,/wiki/Tesla_Model_S,https://en.wikipedia.org/wiki/Type_2_connector
3,/wiki/Tesla_Model_S,https://en.wikipedia.org/wiki/Split-phase_electric_power
3,/wiki/Tesla_Model_S,https://en.wikipedia.org/wiki/Wheelbase
3,/wiki/Tesla_Model_S,https://en.wikipedia.org/wiki/Curb_weight
3,/wiki/Tesla_Model_S,https://en.wikipedia.org/wiki/Battery_pack
3,/wiki/Tesla_Model_S,https://en.wikipedia.org/wiki/Mazda_North_American_Operations
3,/wiki/Tesla_Model_S,https://en.wikipedia.org/wiki/Menlo_Park|_California
3,/wiki/Tesla_Model_S,https://en.wikipedia.org/wiki/Elon_Musk
3,/wiki/Tesla_Model_S,https://en.wikipedia.org/wiki/Albuquerque|_New_Mexico
3,/wiki/Tesla_Model_S,https://en.wikipedia.org/wiki/NUMMI
3,/wiki/Tesla_Model_S,https://en.wikipedia.org/wiki/Steve_Jurvetson
3,/wiki/Tesla_Model_S,https://en.wikipedia.org/wiki/World_Car_of_the_Year
3,/wiki/Tesla_Model_S,https://en.wikipedia.org/wiki/Motor_Trend_Car_of_the_Year
3,/wiki/Tesla_Model_S,https://en.wikipedia.org/wiki/Automobile_(magazine)
3,/wiki/Tesla_Model_S,https://en.wikipedia.org/wiki/Time_(magazine)
3,/wiki/Tesla_Model_S,https://en.wikipedia.org/wiki/Car_and_Driver
3,/wiki/Tesla_Model_S,https://en.wikipedia.org/wiki/HEPA
3,/wiki/Tesla_Model_S,https://en.wikipedia.org/wiki/Source_code
3,/wiki/Tesla_Model_S,https://en.wikipedia.org/wiki/Software_license
3,/wiki/Tesla_Model_S,https://en.wikipedia.org/wiki/Software_Freedom_Conservancy
3,/wiki/Tesla_Model_S,https://en.wikipedia.org/wiki/Chassis
3,/wiki/Tesla_Model_S,https://en.wikipedia.org/wiki/Euro_Car_Segment
3,/wiki/Tesla_Model_S,https://en.wikipedia.org/wiki/F-segment
3,/wiki/Tesla_Model_S,https://en.wikipedia.org/wiki/Three-phase_electric_power
3,/wiki/Tesla_Model_S,https://en.wikipedia.org/wiki/Rotor_(electric)
3,/wiki/Tesla_Model_S,https://en.wikipedia.org/wiki/Automobile_drag_coefficient
3,/wiki/Tesla_Model_S,https://en.wikipedia.org/wiki/Electronic_differential
3,/wiki/Tesla_Model_S,https://en.wikipedia.org/wiki/List_of_fastest_production_cars_by_acceleration
3,/wiki/Tesla_Model_S,https://en.wikipedia.org/wiki/Panasonic
3,/wiki/Tesla_Model_S,https://en.wikipedia.org/wiki/Cathode
3,/wiki/Tesla_Model_S,https://en.wikipedia.org/wiki/Waste_heat
3,/wiki/Tesla_Model_S,https://en.wikipedia.org/wiki/G-force
3,/wiki/Tesla_Model_S,https://en.wikipedia.org/wiki/Silicon
3,/wiki/Tesla_Model_S,https://en.wikipedia.org/wiki/Anode
3,/wiki/Tesla_Model_S,https://en.wikipedia.org/wiki/Fuse_(electrical)
3,/wiki/Tesla_Model_S,https://en.wikipedia.org/wiki/Inconel
3,/wiki/Tesla_Model_S,https://en.wikipedia.org/wiki/University_of_California|_Davis
3,/wiki/Tesla_Model_S,https://en.wikipedia.org/wiki/Lotus_Elise
3,/wiki/Tesla_Model_S,https://en.wikipedia.org/wiki/Rollover
3,/wiki/Tesla_Model_S,https://en.wikipedia.org/wiki/Mass_distribution
3,/wiki/Tesla_Model_S,https://en.wikipedia.org/wiki/Anti-intrusion_bar
3,/wiki/Tesla_Model_S,https://en.wikipedia.org/wiki/Circuit_breaker
3,/wiki/Tesla_Model_S,https://en.wikipedia.org/wiki/Three-phase
3,/wiki/Tesla_Model_S,https://en.wikipedia.org/wiki/IEC_62196
3,/wiki/Tesla_Model_S,https://en.wikipedia.org/wiki/IEC_60309
3,/wiki/Tesla_Model_S,https://en.wikipedia.org/wiki/Independent_suspension
3,/wiki/Tesla_Model_S,https://en.wikipedia.org/wiki/Coil_spring
3,/wiki/Tesla_Model_S,https://en.wikipedia.org/wiki/Double_wishbone_suspension
3,/wiki/Tesla_Model_S,https://en.wikipedia.org/wiki/Control_arm
3,/wiki/Tesla_Model_S,https://en.wikipedia.org/wiki/Multi-link_suspension
3,/wiki/Tesla_Model_S,https://en.wikipedia.org/wiki/Height_adjustable_suspension
3,/wiki/Tesla_Model_S,https://en.wikipedia.org/wiki/Air_suspension
3,/wiki/Tesla_Model_S,https://en.wikipedia.org/wiki/Tesla_Autopilot
3,/wiki/Tesla_Model_S,https://en.wikipedia.org/wiki/Mobileye
3,/wiki/Tesla_Model_S,https://en.wikipedia.org/wiki/Acoustic_location
3,/wiki/Tesla_Model_S,https://en.wikipedia.org/wiki/Williston|_Florida
3,/wiki/Tesla_Model_S,https://en.wikipedia.org/wiki/Florida_Highway_Patrol
3,/wiki/Tesla_Model_S,https://en.wikipedia.org/wiki/Touchscreen
3,/wiki/Tesla_Model_S,https://en.wikipedia.org/wiki/Liquid-crystal_display
3,/wiki/Tesla_Model_S,https://en.wikipedia.org/wiki/Electronic_instrument_cluster
3,/wiki/Tesla_Model_S,https://en.wikipedia.org/wiki/Garmin
3,/wiki/Tesla_Model_S,https://en.wikipedia.org/wiki/Infotainment
3,/wiki/Tesla_Model_S,https://en.wikipedia.org/wiki/Multi-touch
3,/wiki/Tesla_Model_S,https://en.wikipedia.org/wiki/Vehicle_identification_number
3,/wiki/Tesla_Model_S,https://en.wikipedia.org/wiki/Bluetooth
3,/wiki/Tesla_Model_S,https://en.wikipedia.org/wiki/Google_Maps
3,/wiki/Tesla_Model_S,https://en.wikipedia.org/wiki/Nvidia
3,/wiki/Tesla_Model_S,https://en.wikipedia.org/wiki/3D_computer_graphics
3,/wiki/Tesla_Model_S,https://en.wikipedia.org/wiki/System_on_a_chip
